-- phpMyAdmin SQL Dump
-- version 5.2.0
-- https://www.phpmyadmin.net/
--
-- Host: 127.0.0.1:3306
-- Generation Time: Feb 14, 2024 at 04:26 PM
-- Server version: 5.7.40
-- PHP Version: 8.0.26

SET SQL_MODE = "NO_AUTO_VALUE_ON_ZERO";
START TRANSACTION;
SET time_zone = "+00:00";


/*!40101 SET @OLD_CHARACTER_SET_CLIENT=@@CHARACTER_SET_CLIENT */;
/*!40101 SET @OLD_CHARACTER_SET_RESULTS=@@CHARACTER_SET_RESULTS */;
/*!40101 SET @OLD_COLLATION_CONNECTION=@@COLLATION_CONNECTION */;
/*!40101 SET NAMES utf8mb4 */;

--
-- Database: `uros_projekat3`
--

-- --------------------------------------------------------

--
-- Table structure for table `komentari`
--

DROP TABLE IF EXISTS `komentari`;
CREATE TABLE IF NOT EXISTS `komentari` (
  `id_komentara` int(11) NOT NULL AUTO_INCREMENT,
  `posetilac` varchar(45) NOT NULL,
  `id_vesti` int(11) NOT NULL,
  `sadrzaj` varchar(200) NOT NULL,
  `broj_lajkova` int(11) NOT NULL DEFAULT '0',
  `broj_dislajkova` int(11) NOT NULL DEFAULT '0',
  `datum_vreme` datetime DEFAULT CURRENT_TIMESTAMP,
  PRIMARY KEY (`id_komentara`),
  KEY `fk_komentari_vest1_idx` (`id_vesti`)
) ENGINE=InnoDB AUTO_INCREMENT=15 DEFAULT CHARSET=utf8;

--
-- Dumping data for table `komentari`
--

INSERT INTO `komentari` (`id_komentara`, `posetilac`, `id_vesti`, `sadrzaj`, `broj_lajkova`, `broj_dislajkova`, `datum_vreme`) VALUES
(1, 'Perica', 23, 'Grozna vest', 1, 0, '2024-01-21 13:26:01'),
(2, 'Milica', 23, 'ne valja ovo', 2, 0, '2024-01-21 13:26:17'),
(3, 'Perica', 22, 'neki komentar', 0, 0, '2024-01-21 13:27:50'),
(4, 'Pera', 34, 'hahahhahah\r\n', 2, 0, '2024-02-12 13:33:40'),
(5, 'Milos', 34, 'uuuuuuuuuu', 0, 0, '2024-02-12 13:42:12'),
(6, 'Milos', 34, 'uuuuuuuuuu', 0, 0, '2024-02-12 13:42:20'),
(7, 'Milan', 31, 'komentar\r\n', 0, 0, '2024-02-12 14:08:13'),
(8, 'Milan', 31, 'komentar\r\n', 0, 0, '2024-02-12 14:10:13'),
(9, 'Milos', 41, 'Odlicna vest!!!\r\n', 0, 0, '2024-02-12 14:30:07'),
(10, 'Milan', 41, 'Veoma zanimljivoo ', 0, 0, '2024-02-12 14:31:06'),
(11, 'Milan', 41, 'Veoma zanimljivoo ', 0, 0, '2024-02-12 14:36:37'),
(12, 'Milan', 41, 'Veoma zanimljivoo ', 0, 0, '2024-02-12 14:38:00'),
(13, 'Milan', 41, 'Veoma zanimljivoo ', 0, 0, '2024-02-12 14:38:24'),
(14, 'Milan', 41, 'Veoma zanimljivoo ', 0, 0, '2024-02-12 14:58:09');

-- --------------------------------------------------------

--
-- Table structure for table `novinar_rubrika`
--

DROP TABLE IF EXISTS `novinar_rubrika`;
CREATE TABLE IF NOT EXISTS `novinar_rubrika` (
  `id_novinar_rubrika` int(11) NOT NULL AUTO_INCREMENT,
  `id_rubrike` int(11) NOT NULL,
  `id_novinara` int(11) NOT NULL,
  PRIMARY KEY (`id_novinar_rubrika`),
  KEY `fk_novinar_rubrika_rubrika1_idx` (`id_rubrike`),
  KEY `fk_novinar_rubrika_redakcija1_idx` (`id_novinara`)
) ENGINE=InnoDB AUTO_INCREMENT=13 DEFAULT CHARSET=utf8;

--
-- Dumping data for table `novinar_rubrika`
--

INSERT INTO `novinar_rubrika` (`id_novinar_rubrika`, `id_rubrike`, `id_novinara`) VALUES
(1, 3, 4),
(5, 7, 10),
(6, 5, 6),
(7, 2, 12),
(8, 1, 14),
(9, 6, 16),
(10, 4, 18);

-- --------------------------------------------------------

--
-- Table structure for table `redakcija`
--

DROP TABLE IF EXISTS `redakcija`;
CREATE TABLE IF NOT EXISTS `redakcija` (
  `id_korisnika` int(11) NOT NULL AUTO_INCREMENT,
  `username` varchar(45) NOT NULL,
  `password` varchar(300) NOT NULL,
  `ime_prezime` varchar(70) NOT NULL,
  `uloga` varchar(45) NOT NULL,
  `email` varchar(70) NOT NULL,
  PRIMARY KEY (`id_korisnika`)
) ENGINE=InnoDB AUTO_INCREMENT=22 DEFAULT CHARSET=utf8;

--
-- Dumping data for table `redakcija`
--

INSERT INTO `redakcija` (`id_korisnika`, `username`, `password`, `ime_prezime`, `uloga`, `email`) VALUES
(1, 'mika', '07af613eea059030daaed3bde1fd1ce7', 'Miroslav Mitrović', 'glavni urednik', 'miroslav.mitrovic@news.com'),
(3, 'Slobodan', 'b1c110a90dace596769cbdf393e86289', 'Slobodan Marković', 'urednik', 'slobodan.markovic@news.com'),
(4, 'Zorana', '12ae595e6ea1aeecd4baa0aa6ed3360b', 'Zorana Mirković', 'novinar', 'zorana.mirkovic@news.com'),
(5, 'Milica', '6dcf7c1bdb5c0f1bdc3f94e6b31ec5d9', 'Milica Nedeljković', 'urednik', 'milica.nedljkovic@news.com'),
(6, 'Goran', '7c6d58b62b6e0658b2ed17f6b4277a88', 'Goran Marković', 'novinar', 'goran.markovic@news.com'),
(8, 'Emina', '1522541f5ecee44c6df2d467f7989ea3', 'Emina Jahović', 'urednik', 'emina.jahovic@news.com'),
(9, 'dragica', 'd6c0dd819041df4033c66c9b78d97a12', 'Dragica Živković', 'urednik', 'dragica.zivkovic@news.rs'),
(10, 'Sara', '4733a44073c81970cccbca6e1ede188b', 'Sara Milić', 'novinar', 'sara.milic@news.com'),
(11, 'Anja', '1f2eb1b0ab8b2040f70d2af3460836eb', 'Anja Mitić', 'urednik', 'anja.mitic@news.com'),
(12, 'Elena', 'e4392a67989b2de9b5f5e7e1c5913373', 'Elena Jovanić', 'novinar', 'elena.jovanovic@news.com'),
(13, 'Stefan', '752b048c76633399b04f6e87a8b211ca', 'Stefan Marković', 'urednik', 'stefan.markovic@news.com'),
(14, 'Andjela', '59ab0d8a33f59e8088b6d697e3490a55', 'Andjela Vukićević', 'novinar', 'andjela.vukicevic@news.com'),
(15, 'Luka', '24c8e8fdd203338d06e4330c28c90d1b', 'Luka Petrović', 'urednik', 'luka.petrovic@news.com'),
(16, 'Marko', '7a2df5ac764bc2ee72a11ce57c49851c', 'Marko Dobrić', 'novinar', 'marko.dobric@news.com'),
(17, 'Dragan', '71c9d9737f4d4b3eb949ad70a1406716', 'Dragan Stanojević', 'urednik', 'dragan.stanojevic@news.com'),
(18, 'Filip', '282ce0d4138eab43224d7590aab9e295', 'Filip Filipović', 'novinar', 'filip.filipovic@news.com'),
(19, 'Monika', 'f6ebeddf69768d741ff3f057448bedf1', 'Monika Ilić', 'urednik', 'monika.ilic@news.com'),
(20, 'Uros', 'ab4684a72e868210db8977b762fbdbdd', 'Uroš Krstić', 'stari', 'uros.krstic@news.com');

-- --------------------------------------------------------

--
-- Table structure for table `rubrika`
--

DROP TABLE IF EXISTS `rubrika`;
CREATE TABLE IF NOT EXISTS `rubrika` (
  `id_rubrike` int(11) NOT NULL AUTO_INCREMENT,
  `naziv` varchar(45) NOT NULL,
  PRIMARY KEY (`id_rubrike`)
) ENGINE=InnoDB AUTO_INCREMENT=8 DEFAULT CHARSET=utf8;

--
-- Dumping data for table `rubrika`
--

INSERT INTO `rubrika` (`id_rubrike`, `naziv`) VALUES
(1, 'Politika'),
(2, 'Sport'),
(3, 'Crna Hronika'),
(4, 'Zabava'),
(5, 'Kultura'),
(6, 'Svet'),
(7, 'Ekonomija');

-- --------------------------------------------------------

--
-- Table structure for table `tagovi`
--

DROP TABLE IF EXISTS `tagovi`;
CREATE TABLE IF NOT EXISTS `tagovi` (
  `id_taga` int(11) NOT NULL AUTO_INCREMENT,
  `id_vesti` int(11) NOT NULL,
  `sadrzaj` varchar(50) NOT NULL,
  PRIMARY KEY (`id_taga`)
) ENGINE=MyISAM AUTO_INCREMENT=85 DEFAULT CHARSET=utf8;

--
-- Dumping data for table `tagovi`
--

INSERT INTO `tagovi` (`id_taga`, `id_vesti`, `sadrzaj`) VALUES
(1, 20, 'selo'),
(2, 20, 'grad'),
(3, 20, 'mesto'),
(4, 21, 'sneg'),
(5, 21, 'vreme'),
(6, 21, 'zima'),
(7, 22, 'fudbal'),
(8, 23, 'hamas'),
(9, 23, 'izrael'),
(10, 23, 'Banke'),
(11, 23, 'Kredit'),
(12, 24, 'Nafta'),
(13, 24, 'Cena'),
(14, 24, 'Crveno more'),
(15, 24, 'Biznis'),
(16, 24, 'Kompanije'),
(17, 24, 'Crna Gora'),
(18, 24, 'Srbija'),
(19, 24, 'Vladimir Pištalo'),
(20, 24, 'Ninova nagrada'),
(21, 24, 'Agora'),
(22, 24, 'Roman'),
(23, 24, 'Dzej Ramadanovski'),
(24, 24, 'Film nedelja'),
(25, 24, 'Kolarac'),
(26, 24, 'Koncert'),
(27, 24, 'Beogradska filharmonija'),
(28, 24, 'Embid'),
(29, 24, 'NBA'),
(30, 24, 'MVP'),
(31, 24, 'Barak Bahar'),
(32, 24, 'Crvena zvezda'),
(33, 24, 'FK Sevilja'),
(34, 24, 'Transferi'),
(35, 24, 'Ivan Rakitić'),
(36, 32, 'MI glas iz naroda'),
(37, 32, 'Aleksandar Jerković'),
(38, 32, 'Branimir Nestorović'),
(39, 32, 'Beograd'),
(40, 32, 'Izbori'),
(41, 32, 'Parlament'),
(42, 32, 'Skupština'),
(43, 32, 'SNS'),
(44, 32, 'Lokalni izbori'),
(45, 32, 'Darko Glišić'),
(46, 35, 'Rusija'),
(47, 35, 'Vladimir Putin'),
(48, 35, 'Novac'),
(49, 35, 'Nemačka'),
(50, 35, 'Imovina'),
(51, 35, 'Vladimir Putin'),
(52, 38, 'Horoskop'),
(53, 38, 'Nastup'),
(54, 38, 'Pevačica'),
(55, 38, 'Osmo svetsko čudo'),
(56, 38, 'Čile'),
(57, 41, ''),
(58, 41, 'Automobil'),
(59, 41, 'Pozar'),
(60, 41, 'Telo'),
(61, 41, 'Zena'),
(62, 41, 'Kontrola'),
(63, 41, 'Policija'),
(64, 41, 'Zrenjanin'),
(65, 45, 'Ljubomora'),
(66, 45, 'Hari'),
(67, 45, 'Megan'),
(68, 46, 'Bajden'),
(69, 46, 'Hamas'),
(70, 47, 'Marija Zaharova'),
(71, 47, 'Rusija'),
(72, 47, 'Brisel'),
(73, 47, 'Estonija'),
(74, 47, 'Poternica'),
(75, 47, 'Rusija'),
(76, 49, 'Naoruzanje'),
(77, 49, 'Vojska'),
(78, 49, 'Aleksandar Vucić'),
(79, 50, 'Vaterpolo'),
(80, 51, 'Inflacija'),
(81, 52, 'Nataša Lan'),
(82, 52, 'Vulkan izdavaštvo'),
(83, 52, 'FEST'),
(84, 52, 'Filmski festival');

-- --------------------------------------------------------

--
-- Table structure for table `urednik_rubrika`
--

DROP TABLE IF EXISTS `urednik_rubrika`;
CREATE TABLE IF NOT EXISTS `urednik_rubrika` (
  `id_urednik_rubrika` int(11) NOT NULL AUTO_INCREMENT,
  `id_rubrike` int(11) NOT NULL,
  `id_urednika` int(11) NOT NULL,
  PRIMARY KEY (`id_urednik_rubrika`),
  KEY `fk_urednik_rubrika_rubrika1_idx` (`id_rubrike`),
  KEY `fk_urednik_rubrika_redakcija1_idx` (`id_urednika`)
) ENGINE=InnoDB AUTO_INCREMENT=11 DEFAULT CHARSET=utf8;

--
-- Dumping data for table `urednik_rubrika`
--

INSERT INTO `urednik_rubrika` (`id_urednik_rubrika`, `id_rubrike`, `id_urednika`) VALUES
(1, 2, 3),
(2, 4, 8),
(3, 3, 3),
(4, 7, 11),
(5, 5, 5),
(6, 2, 13),
(7, 1, 15),
(8, 6, 17),
(9, 4, 19),
(10, 1, 20);

-- --------------------------------------------------------

--
-- Table structure for table `vest`
--

DROP TABLE IF EXISTS `vest`;
CREATE TABLE IF NOT EXISTS `vest` (
  `id_vesti` int(11) NOT NULL AUTO_INCREMENT,
  `naslov` varchar(200) NOT NULL,
  `sadrzaj` mediumtext NOT NULL,
  `datum_vreme` datetime DEFAULT NULL,
  `broj_lajkova` int(11) NOT NULL DEFAULT '0',
  `broj_dislajkova` int(11) NOT NULL DEFAULT '0',
  `stanje` varchar(45) NOT NULL,
  `id_novinara` int(11) NOT NULL,
  `id_rubrike` int(11) NOT NULL,
  `slika_url` varchar(500) NOT NULL,
  PRIMARY KEY (`id_vesti`),
  KEY `fk_vest_rubrika_idx` (`id_rubrike`),
  KEY `fk_vest_redakcija1_idx` (`id_novinara`)
) ENGINE=InnoDB AUTO_INCREMENT=55 DEFAULT CHARSET=utf8;

--
-- Dumping data for table `vest`
--

INSERT INTO `vest` (`id_vesti`, `naslov`, `sadrzaj`, `datum_vreme`, `broj_lajkova`, `broj_dislajkova`, `stanje`, `id_novinara`, `id_rubrike`, `slika_url`) VALUES
(1, 'Članak 1', '<p>Ovo je naslov</p>\r\n<p><strong>asdfasdsa</strong></p>\r\n<p><em>asdsad </em>sa</p>', '2024-01-03 11:35:31', 0, 0, 'draft', 4, 3, ''),
(3, 'Članak sa slikom izmenjen kao draft', '<p>efas</p>\r\n<p>dsafds</p>\r\n<p>dsafdsf</p>\r\n<p>dyfdsf</p>\r\n<p>sdfsdf<img src=\"../slike/slika2.jpg\" alt=\"\" width=\"1280\" height=\"1916\"></p>', '2024-01-03 12:21:46', 0, 0, 'draft', 4, 3, ''),
(6, 'Novi sa slikom', '<p>sdfsa</p>\r\n<p>asdsad</p>\r\n<p>asd</p>', '2024-01-11 07:57:46', 0, 0, 'draft', 4, 3, 'slike/SketchUp-Logo.png'),
(20, 'Vest sa slikom i tagovima', '<p>sdfsf</p>\r\n<p>dsf</p>\r\n<p>sdf</p>\r\n<p>sdf</p>\r\n<p>sd</p>', '2024-01-14 04:16:32', 0, 0, 'draft', 4, 3, 'slike/HOMEPAGEsoftlineGREECE.png'),
(21, 'Biće još snega: RHMZ objavio vremensku prognozu do 15. februara', '<p><strong data-attribute-id=\"emphasized-text\">Nakon temperaturnog skoka do 18. januara, vraće se zima, a u narednih mesec dana nas očekuje vi&scaron;e snežnih dana, saop&scaron;tio je RHMZ.</strong></p>\r\n<div>&nbsp;</div>\r\n<p>Sudeći prema dugoročnoj, mesesčnoj&nbsp;<a href=\"https://n1info.rs/tag/vremenska-prognoza/\" target=\"_blank\" rel=\"noopener\">prognozi</a>, od 16. januara do 15. februara u Beogradu se očekuje čak 20 snežnih dana, posebno u periodu između 29. januara i 10. februara.</p>\r\n<figure id=\"attachment_12073637\" aria-describedby=\"caption-attachment-12073637\"><img style=\"height: auto;\" src=\"https://n1info.rs/wp-content/uploads/2024/01/15/1705330076-RHMZ-BEOGRAD-1024x643.png\" sizes=\"(max-width: 1024px) 100vw, 1024px\" srcset=\"https://n1info.rs/wp-content/uploads/2024/01/15/1705330076-RHMZ-BEOGRAD-1024x643.png 1024w, https://n1info.rs/wp-content/uploads/2024/01/15/1705330076-RHMZ-BEOGRAD-300x189.png 300w, https://n1info.rs/wp-content/uploads/2024/01/15/1705330076-RHMZ-BEOGRAD-768x483.png 768w, https://n1info.rs/wp-content/uploads/2024/01/15/1705330076-RHMZ-BEOGRAD-750x471.png 750w, https://n1info.rs/wp-content/uploads/2024/01/15/1705330076-RHMZ-BEOGRAD-900x566.png 900w, https://n1info.rs/wp-content/uploads/2024/01/15/1705330076-RHMZ-BEOGRAD.png 1141w\" alt=\"\" width=\"1024\" height=\"643\" loading=\"lazy\">\r\n<figcaption id=\"caption-attachment-12073637\">hidmet.gov.rs</figcaption>\r\n</figure>\r\n<p>U Beogradu će najvi&scaron;e temperature ići do 17 stepeni koliko je najavljeno za 18. januar, da bi posle usledio pad dnevnih temperatura. Najniža dnevna neće padati ispod nule.</p>\r\n<p>Slične vremenske prilike očekuju se i u Novom Sadu, Ni&scaron;u i Kragujevcu.</p>\r\n<figure id=\"attachment_12073659\" aria-describedby=\"caption-attachment-12073659\"><img style=\"height: auto;\" src=\"https://n1info.rs/wp-content/uploads/2024/01/15/1705330095-RHMZ-KOPAONIK-1024x640.png\" sizes=\"(max-width: 1024px) 100vw, 1024px\" srcset=\"https://n1info.rs/wp-content/uploads/2024/01/15/1705330095-RHMZ-KOPAONIK-1024x640.png 1024w, https://n1info.rs/wp-content/uploads/2024/01/15/1705330095-RHMZ-KOPAONIK-300x187.png 300w, https://n1info.rs/wp-content/uploads/2024/01/15/1705330095-RHMZ-KOPAONIK-768x480.png 768w, https://n1info.rs/wp-content/uploads/2024/01/15/1705330095-RHMZ-KOPAONIK-750x469.png 750w, https://n1info.rs/wp-content/uploads/2024/01/15/1705330095-RHMZ-KOPAONIK-900x562.png 900w, https://n1info.rs/wp-content/uploads/2024/01/15/1705330095-RHMZ-KOPAONIK.png 1141w\" alt=\"\" width=\"1024\" height=\"640\" loading=\"lazy\">\r\n<figcaption id=\"caption-attachment-12073659\">hidmet.gov.rs</figcaption>\r\n</figure>\r\n<p><a href=\"https://n1info.rs/tag/sneg/\" target=\"_blank\" rel=\"noopener\">Sneg</a>&nbsp;će na jednoj od omiljenih srpskih planina Zlatiboru padati skoro svih dana, ba&scaron; kao i na Kopaoniku. Kako se navodi na sajtu RHMZ-a, pored snega očekuju se i niske temperature. Najvi&scaron;a dnevna temperatura, 4 stepeni najavljena je 18. i 24. januara, a najniža 2. i 3. februara, kada će temperatura ići i ispod -8 stepeni.</p>\r\n<p>Dugoročne prognoze, podseća&nbsp;<a href=\"https://n1info.rs/tag/rhmz/\" target=\"_blank\" rel=\"noopener\">RHMZ,</a>&nbsp;jesu orijentacione.</p>', '2024-01-15 06:33:10', 1, 1, 'draft', 4, 3, 'slike/1704902891-20240110_134826-scaled-e1705040694604-750x510.jpg'),
(22, 'Nižu se ostavke: Sud FSS ponovo u blokadi', '<div>\r\n<p><a href=\"https://sportklub.n1info.rs/fudbal/srbija-super-liga/zvezdin-golman-pocepao-sud-fss/\">Slučaj mladog golmana Crvene zvezde&nbsp;<strong>Jovana Miladinovića</strong></a>&nbsp;dobro je uzdrmao temelje Veća za re&scaron;avanje sporova FSS.</p>\r\n<p>Ostavke su podneli predsednik&nbsp;<strong>Milo&scaron; Stanić</strong>&nbsp;i sudija&nbsp;<strong>Uro&scaron; Zeković</strong>, a kako Sport klub saznaje njihovim putem krenuli su&nbsp;<strong>Nenad Ćurković</strong>&nbsp;i&nbsp;<strong>Vesna Stanković Kovačević</strong>. Posle svega četiri meseca rada, iako sa mandatom oročenim do 2026, prvi čovek suda&nbsp;<strong>Milo&scaron; Stanić</strong>&nbsp;re&scaron;io je da se povuče jo&scaron; pre novogodi&scaron;njih praznika. Brzo je ostavku ozvaničio i&nbsp;<strong>Uro&scaron; Zeković</strong>, godinama prisutan na raznim pozicijama u FSS.</p>\r\n<p>Praktično, posle povlačenja&nbsp;<strong>Nenada Ćurkovića</strong>&nbsp;i gospođe&nbsp;<strong>Stanković Kovačević</strong>, sud ne može vi&scaron;e da radi.</p>\r\n<p>Za razliku od sudija, izabranih na predlog klubova, arbitri sa liste igrača ostali su članovi Veća za re&scaron;avanje sporova u aktivnom statusu. FSS je na poslednjoj sednici ozvaničio&nbsp;<a href=\"https://sportklub.n1info.rs/fudbal/srbija-super-liga/sud-fss-u-novom-ruhu-poznato-lice-opet-na-poslu/\">povratak&nbsp;<strong>Slobodana Pajovića</strong>&nbsp;u sudsku praksu</a>. Uz užičkog arbitra, u sastavu suda ostali su potpredsednik&nbsp;<strong>Boris Miletić</strong>,&nbsp;<strong>Ksenija Damjanović</strong>&nbsp;i&nbsp;<strong>Filip Blagojević</strong>.</p>\r\n<p>Po pravilu, arbitražu vodi tročlano veće, uz predsedavajućeg, sastavljeno od po jednog sudije sa liste klubova i igrača. Posle ostavke četvorice sudija, među kojima se na&scaron;ao i predsednik, nemoguće je konstituisati bilo koje veće. Sud je u blokadi, bez naznaka kad bi mogao da krene napred.</p>\r\n<p>Fudbalski savez Srbije nema moći, ni instrumenata, da u kratko roku re&scaron;i specifičan problem, očigledno, nastao posle pritisaka klubova u želji da parali&scaron;u rad suda.</p>\r\n<p>Zvaničnih informacija, za sada, nema. Veće je i ranije često imalo prekida u radu, najduže u kontinuitetu tokom 2022. godine.</p>\r\n<section data-role=\"embed-wrapper\">\r\n<div data-contenturl=\"https://cdn-uc.brid.tv/geo/live/partners/26512/sd/1528488.mp4\" data-thumbnailurl=\"https://cdn-uc.brid.tv/live/partners/26512/snapshot/1528488_fhd_65a559d86f5de_1705335256.jpg\" data-uploaddate=\"2024-01-15\" data-duration=\"PT1M33S\" data-description=\"undefined\" data-name=\"Prelep pogodak Senegala u duelu sa Gambijom\" data-thumbnail-url=\"https://cdn-uc.brid.tv/live/partners/26512/snapshot/1528488_fhd_65a559d86f5de_1705335256.jpg\" data-social-network=\"BridTV\">\r\n<div id=\"Brid_117053391557633\" style=\"list-style-type: none;\">\r\n<div>\r\n<div id=\"Brid_117053391557633_adContainer\"></div>\r\n</div>\r\n</div>\r\n</div>\r\n</section>\r\n</div>', '2024-01-15 06:35:08', 1, 0, 'draft', 4, 3, 'slike/1699183415-zvezda-dinamo-tbilisi-13467-750x483.jpg'),
(23, 'Hamas preuzeo odgovornost za napad u Ranani', '<p><strong data-attribute-id=\"emphasized-text\">Palestinska islamistička organizacija Hamas preuzela je odgovornost za dvostruki teroristički napad u gradu Ranani, u centralnom Izraelu nedaleko od Tel Aviva, u kojem je ubijena jedna žena, a ranjeno 17 osoba, uključujući nekoliko dece.</strong></p>\r\n<div>&nbsp;</div>\r\n<p>Kako je navedeno u saop&scaron;tenju Hamasa, napadi su &bdquo;odgovor za masakre okupatora i nastavak njegove agresije protiv palestinskog naroda&ldquo;.</p>\r\n<p>Izraelska policija je saop&scaron;tila da su dva osumnjičena Palestinca iz okoline Hebrona uhap&scaron;ena ubrzo posle simultanih napada u kojima su ukrali vozila i sa njima naletela na vi&scaron;e ljudi na nekoliko mesta, prenele su agencije.</p>\r\n<p>Izraelski mediji navode da su napadači i nožem nasrnuli najmanje na jednu žrtvu.</p>', '2024-01-15 06:35:59', 7, 4, 'objavljen', 4, 3, 'slike/1705336683-Tan2024-01-1515171465_3-750x500.jpg'),
(24, 'Udruženje banaka Srbije: Blagi rast kredita u decembru', '<p>&nbsp;</p>\r\n<p>&nbsp;</p>\r\n<p><img src=\"https://forbes.n1info.rs/wp-content/uploads/2023/12/shutterstock_2241308673-1000x667.jpg\" alt=\"featured image\" width=\"810\" height=\"540\"></p>\r\n<p>&nbsp;</p>\r\n<p>Ukupni krediti privrede, građana i preduzetnika na kraju decembra pro&scaron;le godine iznosili su oko 3.445 milijardi dinara, &scaron;to je 0,4</p>\r\n<p>odsto vi&scaron;e nego u novembru, objavilo je Udruženje banaka Srbije.</p>\r\n<div class=\"dynamic-intext-banner-wrapper flex justify-center items-center\" data-attribute-id=\"dynamic-intext-banner-wrapper-1\">&nbsp;</div>\r\n<p>U odnosu na kraj 2022. godine ukupni krediti su bili veći tri odsto.</p>\r\n<p>&nbsp;</p>\r\n<p>Pozajmice privrede bile su oko 1.878 milijarde dinara i za 0,7 odsto su veće nego u novembru, a krediti preduzetnika su uvećani 1,7 odsto,</p>\r\n<p>na oko 70,4 milijarde dinara.</p>\r\n<p>&nbsp;</p>\r\n<p>Dug stanovni&scaron;tva bankama bio je 1.497 milijardi dinara, koliko i u novembru. Među kreditima stanovni&scaron;tvu gotovinski su bili manji 0,2 odsto</p>\r\n<p>nego u novembru a poljoprivredni za 0,3 odsto, dok su potro&scaron;ački uvećani 1,2 odsto, stambeni 0,2 odsto, zajmovi za refinansiranje jedan odsto.</p>\r\n<p>&nbsp;</p>\r\n<p>U ka&scaron;njenju otplate na kraju decemebra bilo je 2,7 odsto ukupnih bankarskih pozajmica, a u novembru ih je bilo 2,8 odsto.</p>', '2024-01-29 12:50:44', 0, 0, 'objavljen', 10, 7, 'slike/ekonomija1.jpg'),
(25, 'Rastu cene nafte', '<p>&nbsp;</p>\r\n<p>&nbsp;</p>\r\n<p><img src=\"https://forbes.n1info.rs/wp-content/uploads/2024/01/shutterstock_2290818613-1000x667.jpg\" alt=\"featured image\" width=\"853\" height=\"569\"></p>\r\n<p>&nbsp;</p>\r\n<p>Cene nafte su na svetskim trži&scaron;tima porasle i pro&scaron;le sedmice, drugi put zaredom u sedmičnom trgovanju, &scaron;to analitičari&nbsp;tumače</p>\r\n<p>novim podsticajnim merama u Kini i stabilnim rastom američke privrede čiji sled bi trebalo da bude i povećena potražnja za naftom.</p>\r\n<div class=\"dynamic-intext-banner-wrapper flex justify-center items-center\" data-attribute-id=\"dynamic-intext-banner-wrapper-1\">&nbsp;</div>\r\n<p>Na londonskom trži&scaron;tu barel je na kraju pro&scaron;lonedeljnog trgovanja poskupeo za 6,4 odsto &ndash; na 83,55 dolara, a na američkom</p>\r\n<p>trži&scaron;tu je dostigao 78,00 dolara, &scaron;to je cena veća za 6,3 odsto.</p>\r\n<p>&nbsp;</p>\r\n<p>Skok cena na najvi&scaron;i nivo u poslednja skoro dva meseca proizi&scaron;ao je, između ostalog, iz podataka o rastu američke privrede</p>\r\n<p>u poslednjem tromesečju &ndash; za 3,3 posto na godi&scaron;njem nivou.</p>\r\n<p>&nbsp;</p>\r\n<p>Svi poslednji podaci ukazuju na stabilan rast najveće ekonomije sveta, kojoj se predviđa tzv. &lsquo;meko prizemljenje&rsquo;, a ne recesija.</p>\r\n<div class=\"dynamic-intext-banner-wrapper flex justify-center items-center\" data-attribute-id=\"dynamic-intext-banner-wrapper-2\">&nbsp;</div>\r\n<p>Potražnju za naftom bi mogle povećati i nove podsticajne mere u kineskoj privredi, koja je najveći svetski uvoznik.</p>\r\n<p>&nbsp;</p>\r\n<p>Kineska centralna banka najavila je da će početkom februara smanjiti stopu izdvajanja obavezne rezerve banaka, &scaron;to bi pozitivno</p>\r\n<p>trebalo da utiče na likvidnost bankarskog sistema, kreditiranje i rast privrede.</p>\r\n<p>&nbsp;</p>\r\n<p>Na skok cena nafta dodatno utiču i nastavak sukoba na Bliskom istoku između Izraela i Hamasa, kao i napetosti u Crvenom moru,</p>\r\n<p>pa su trgovci te rizke uračunali u cenu.</p>\r\n<p>&nbsp;</p>\r\n<p>&nbsp;</p>', '2024-01-29 01:10:53', 0, 0, 'objavljen', 10, 7, 'slike/ekonomija3.jpg'),
(26, 'Državljani i firme iz Srbije drže ubedljivo najviše kompanija u Crnoj Gori', '<p>&nbsp;</p>\r\n<p>&nbsp;</p>\r\n<p><img src=\"https://forbes.n1info.rs/wp-content/uploads/2024/01/shutterstock_1843081174-1000x667.jpg\" alt=\"featured image\" width=\"828\" height=\"552\"></p>\r\n<p>&nbsp;</p>\r\n<p>U Crnoj Gori je u 2022. godine bilo ukupno 685 predstavni&scaron;tava stranih preduzeća, koje su imale vi&scaron;e od dve milijarde evra</p>\r\n<p>prometa, pokazaju podaci crnogorske Uprave za statistiku Monstat.</p>\r\n<div class=\"dynamic-intext-banner-wrapper flex justify-center items-center\" data-attribute-id=\"dynamic-intext-banner-wrapper-1\">&nbsp;</div>\r\n<p>Najvi&scaron;e firmi je u vlasni&scaron;tvu državljana Srbije &ndash; 162. One su u 2022. godini ostvarile promet od oko 557,8 miliona evra.</p>\r\n<p>&nbsp;</p>\r\n<p>Nakon Srbije, najvi&scaron;e firmi imaju državljani Turske &ndash; 58. Preduzeća u njihovom vlasni&scaron;tvu ostvarila su promet od 69,8 miliona evra u 2022. godini.</p>\r\n<p>&nbsp;</p>\r\n<p>&nbsp;</p>\r\n<p>Iz Bosne i Hercegovine bilo je 29 filijala koje su imale promet od oko 65 miliona evra, iz Slovenije 28 (242,2 miliona evra),</p>\r\n<p>a iz Hrvatske 20 sa ukupnim prometom u 2022. od 128,26 miliona.</p>\r\n<div class=\"dynamic-intext-banner-wrapper flex justify-center items-center\" data-attribute-id=\"dynamic-intext-banner-wrapper-2\">&nbsp;</div>\r\n<p>Iz Monstata je obja&scaron;njeno da statistika stranih filijala opisuje delatnost poslovnih subjekata koji su rezidenti u izve&scaron;tajnoj</p>\r\n<p>državi &ndash; Crnoj Gori, a pod kontrolom su stranih poslovnih subjekata (pravnih i/ili fizičkih lica).</p>\r\n<p>&nbsp;</p>\r\n<p>&bdquo;Posmatrani su poslovni subjekti u kojima je uče&scaron;će stranog kapitala (jedne ili vi&scaron;e zemalja) u ukupnom kapitalu 50 odsto i vi&scaron;e&ldquo;, naveli su.</p>\r\n<p>&nbsp;</p>\r\n<p>Forbes Crna Gora je od Monstata tražio spisak preduzeća u stranom vlasni&scaron;tvu, ali iz statističkog zavoda ih</p>\r\n<p>nisu dostavili uz obrazloženje da su podaci poverljivi.</p>\r\n<p>&nbsp;</p>\r\n<p>&ldquo;U skladu sa članom 56 Zakona o zvaničnoj statistici i sistemu zvanične statistike individualni podaci o fizičkim ili pravnim</p>\r\n<p>licima su poverljivi i predstavljaju službenu tajnu, stoga nismo u mogućnosti da vam dostavimo tražene podatke&rdquo;, kazali su.</p>\r\n<p>&nbsp;</p>\r\n<p>Prema podacima Centralnog registra privrednih subjekata (CRPS), kao delovi stranih dru&scaron;tava u vlasni&scaron;tvu državljana Srbije</p>\r\n<p>u Crnoj Gori su registrovani, na primer, Industrija mesa Topola, Messer tehnogas, Turistička agencija Putnik, Hemofarm,</p>\r\n<p>Siemens energy, Elnos, Zdravlje Leskovac, Energoprojekt hidroinženjering&hellip;Radi se o aktivnim preduzećima.</p>\r\n<div class=\"dynamic-intext-banner-wrapper flex justify-center items-center\" data-attribute-id=\"dynamic-intext-banner-wrapper-4\">&nbsp;</div>\r\n<p>Kao delovi stranih dru&scaron;tava iz Hrvatske su registrovani Konstruktor, Marana, Akuo energy, iz Slovenije</p>\r\n<p>Drava vodnogospodarsko podjetje&hellip;Iz BiH to su Al džazira, Welting, a iz Turske Mass &ndash; Gintas is ortakligi,</p>\r\n<p>Kon elektromekanik Sanayi, Turk Hava Yollari&hellip;</p>\r\n<p>&nbsp;</p>\r\n<p>Prema podacima iz registara, značajan broj preduzeća u stranom vlasni&scaron;tvu je u registrovan u Crnoj Gori kao akcionarska</p>\r\n<p>dru&scaron;tva (AD) ili dru&scaron;tva sa ograničenom odgovorno&scaron;ću (DOO).</p>\r\n<p>&nbsp;</p>\r\n<p>Pretragom registara, Forbes Crna Gora je do&scaron;ao do podatka da je u Crnoj Gori vi&scaron;e od 800 dru&scaron;tava sa ograničenom odgovorno&scaron;ću</p>\r\n<p>čiji su vlasnici, ili imaju udela u vlasni&scaron;tvu, državljani Srbije, kao i oko 30 akcionarskih dru&scaron;tava.</p>\r\n<p>&nbsp;</p>\r\n<p>Među DOO čiji su vlasnici iz Srbije najpoznatiji su M:tel, Nova M, Swisslion Takovo, Temaso&hellip;Od AD u kojima vlasni&scaron;tvo imaju</p>\r\n<p>srpski državljani najpoznatiji su UNIQA, Generali osiguranje, Poliex. Javnosti je poznato da srpski biznismen Miodrag Kostić ima</p>\r\n<p>značajne udele (vi&scaron;e od 30 odsto) u Budvanskoj rivijeri i preduzeću Sveti Stefan hoteli, ali se to ne prikazuje u registrima jer je to</p>\r\n<p>vlasni&scaron;tvo registrovano na Kostićevu kiparsku kompaniju.</p>\r\n<p>&nbsp;</p>\r\n<p>Državljani Hrvatske imaju udeo u 24 DOO, kao &scaron;to su Mining mont, Job brokers Zarakop, zatim u devet AD &ndash; Ulcinjskoj i</p>\r\n<p>Budvanskoj rivijeri, Cemexu, Sveti Stefan hotelima, Crnogorskom Telekomu, Crnagoraputu&hellip;</p>\r\n<p>Slovenci imaju vlasni&scaron;tvo u skoro 20 DOO (NLB, Petrol) i 15-ak AD (Zetatrans, Sava osiguranje, MIG, Port of Adria,,,),</p>\r\n<p>a iz BiH u 40 DOO i nekoliko AD (Čelebić invest, Autoremont Osmanagić, Alpmont&hellip;)</p>\r\n<p>&nbsp;</p>\r\n<p>&nbsp;</p>', '2024-01-29 01:19:56', 0, 0, 'objavljen', 10, 7, 'slike/ekonomija4.jpg'),
(27, 'Priznanje koje otvara sva vrata: Vladimir Pištalo za Nova.rs o NIN-ovoj nagradi', '<p>&nbsp;</p>\r\n<p>&nbsp;</p>\r\n<p><img src=\"https://nova.rs/wp-content/uploads/2023/04/13/1681381750-NMN_3721-750x500.jpg\"></p>\r\n<p>&nbsp;</p>\r\n<p><strong data-attribute-id=\"emphasized-text\">Ova nagrada je veoma važna. To je kao da vam neko omogući da pevate u Karnegi holu. Ako umete da pevate,</strong></p>\r\n<p><strong data-attribute-id=\"emphasized-text\">&nbsp;to će vam otvoriti sva vrata. Ako ne umete neće, rekao je za &bdquo;Novu&ldquo; Vladimir Pi&scaron;talo, čija je knjiga &bdquo;Pesma o tri sveta&ldquo;, </strong></p>\r\n<p><strong data-attribute-id=\"emphasized-text\">u izdanju &bdquo;Agore&ldquo;, u&scaron;la u najuži izbor za NIN-ovu nagradu.</strong></p>\r\n<p>&nbsp;</p>\r\n<p>U konkurenciji za roman godine su i knjige &bdquo;Pakrac&ldquo; Vladimira Matijevića, &bdquo;Poslije zabave&ldquo; (&bdquo;Imprimatur&ldquo;), Steva Grabovca,</p>\r\n<p>&bdquo;Autosekcija&ldquo;(&bdquo;Partizanska knjiga&ldquo;) Srđana Srdića i &bdquo;U zemlji Franje Josifa&ldquo; (Književna op&scaron;tina Vr&scaron;ac).</p>\r\n<p>&nbsp;</p>\r\n<p><img src=\"https://nova.rs/wp-content/uploads/2024/01/17/1705493587-384403_w-copy-676x1024.jpg\"></p>\r\n<p>&nbsp;</p>\r\n<p>U knjizi &bdquo;Pesma o tri sveta&ldquo; pisac je istakao da je njegova glavna junakinja ženski Don Kihot i Odisej, a izdavač je zapisao</p>\r\n<p>da se u ovom romanu govori o ženi, o Boki, o svetu, uz citat &bdquo;Nadživljavajući pobeđujem&ldquo; Marka Aurelija.</p>\r\n<p>&nbsp;</p>\r\n<p>Pi&scaron;talo je bio laureat NIN-ove nagrade 2008. delo &bdquo;Tesla, portret među maskama&ldquo;, koji je takođe objavila</p>\r\n<p>izdavačka kuća &bdquo;Agora&ldquo; iz Zrenjanina.</p>\r\n<p>&nbsp;</p>\r\n<p>Ko će biti 70. dobitnik NIN-ove nagrade kritike za roman godine biće poznato 29. januara u podne, a odluku će doneti</p>\r\n<p>žiri u sastavu Goran Korunović (predsednik), Milena Đorđijević, Žarka Svirčev, Violeta Stojmenović i Tamara Mitrović.</p>\r\n<p>&nbsp;</p>\r\n<p>&nbsp;</p>', '2024-01-29 01:32:04', 0, 0, 'objavljen', 6, 5, 'slike/kultura1.jpg'),
(28, '„Film o romskom muzičaru nadmašiće i onaj o Tomi Zdravkoviću“: Čuveni zagrebački filmski kritičar o „Nedelji“', '<p>&nbsp;</p>\r\n<p>&nbsp;</p>\r\n<p><img src=\"https://nova.rs/wp-content/uploads/2024/01/19/1705658948-Screenshot_13-750x386.jpg\"></p>\r\n<p>&nbsp;</p>\r\n<p><strong data-attribute-id=\"emphasized-text\">Zanimljivo je da u filmu nema glumačkih zvezda, &scaron;to je odličan potez, jer neki delovi i te kako podsećaju na </strong></p>\r\n<p><strong data-attribute-id=\"emphasized-text\">neorealističku tradiciju, pi&scaron;e o \"Nedelji\" Nenad Polimac.</strong></p>\r\n<p>&nbsp;</p>\r\n<p>Izrazito pozitivnu filmsku kritiku filma &bdquo;Nedelja&ldquo; o životu Džeja Ramadanovskog, napisao je čuveni zagrebački</p>\r\n<p>filmski kritičar Nenad Polimac.</p>\r\n<p>&nbsp;</p>\r\n<p>Nenad Polimac pi&scaron;e da je u &bdquo;Nedelji&ldquo; Nemanja Ćeranić (uz povremenu asistenciju Milo&scaron;a Radulovića) napravio</p>\r\n<p>&bdquo;svojsevrstan film noir zagasitih boja, s neuglednim lokacijama, koje asociraju na filmove srpskog klasika Živojina Pavlovića&ldquo;.</p>\r\n<p>&nbsp;</p>\r\n<p><img src=\"https://nova.rs/wp-content/uploads/2024/01/12/1705048650-NEDELJA02_00218483-1024x576.png\" width=\"859\" height=\"483\"></p>\r\n<p>&nbsp;</p>\r\n<p>&bdquo;Ako se &bdquo;Nedelja&ldquo; i pretvori u mini seriju, u njoj će verovatno biti puno vi&scaron;e muzike, &scaron;to će televizijski gledaoci i te kako pozdraviti,</p>\r\n<p>&nbsp;ali za poklonike oporih priča s asfalta ovo ostaje nenadma&scaron;ena verzija. Zanimljivo je takođe da u filmu nema glumačkih zvezda,</p>\r\n<p>&scaron;to je odličan potez, jer neki delovi i te kako podsećaju na neorealističku tradiciju&ldquo;, kaže kritičar i pominje jedan izuzetak, a to je Marko Janketić.</p>\r\n<p>&nbsp;</p>\r\n<p>&bdquo;Sin jednog od najuglednijih jugoslovenskih glumaca Mihaila Janketića, njega smo dosad već zapazili u nizu filmova i serija, pa i hrvatskih</p>\r\n<p>koprodukcija, kojeg ste sigurno upamtili po ulozi usta&scaron;e Maksa Luburića u zlosretnoj &bdquo;Dari iz Jasenovca&ldquo;. Njegov Džamba (puno ime mu je</p>\r\n<p>Iso Lero, a nadimak &ndash; Don sa Dorćola) izvrstan je portret simpatičnog negativca, a sam lik zavr&scaron;i tragično, i to u sceni koja je briljantno</p>\r\n<p>režirana. Intrigantan je podatak da se on jo&scaron; kao tinejdžer potukao sa Željkom Ražnjatovićem Arkanom u kazneno-popravnom domu u Valjevu,</p>\r\n<p>gdje je potonji zaradio trajn</p>\r\n<p>&bdquo;Nedelja&ldquo;, dodaje on, namerno izbegava u naslovu spominjanje imena ili prezimena glavnog protagoniste.</p>\r\n<p>&nbsp;</p>\r\n<p>&bdquo;Dovoljno je bilo spomenuti njegovu kultnu pesmu i publika je odmah znala o čemu je reč. Tek da se zna, film je u</p>\r\n<p>prvoj nedelji prikazivanja u Srbiji i Crnoj Gori skupio 140 hiljada gledaoca, &scaron;to je fantastična brojka. Džej je umro u</p>\r\n<p>decembru 2020, u 57. godini, znači da ga se jo&scaron; i te kako dobro sećaju, a kad prevrtite veb portale od Hrvatske do</p>\r\n<p>Makedonije, uverićete se da je on i dalje velika regionalna zvezda&ldquo;, konstatuje između ostalog Polimac.&nbsp;</p>\r\n<p>i ožiljak, i nije isključeno da su pripadnici njegovog obezbeđenja bili ti koji su dokrajčili Džambu&ldquo;.</p>\r\n<p>&nbsp;</p>\r\n<p>&nbsp;</p>', '2024-01-29 01:42:45', 0, 0, 'draft', 6, 5, 'slike/kultura2.jpg'),
(29, 'Svetska premijera u Kolarcu: Beogradska filharmonija izvela „Dupli koncert za violončelo i perkusije“', '<p>&nbsp;</p>\r\n<p>&nbsp;</p>\r\n<p><img src=\"https://nova.rs/wp-content/uploads/2024/01/27/1706344952-Tan2024-01-2621303237_6-750x500.jpg\"></p>\r\n<p>&nbsp;</p>\r\n<p><strong data-attribute-id=\"emphasized-text\">Beogradska filharmonija pod upravom dirigenta Kevina Grifitisa izvela je u Kolarcu \"Dupli koncert za violončelo i </strong></p>\r\n<p><strong data-attribute-id=\"emphasized-text\">perkusije\" kompozitora Neboj&scaron;e Jovana Živkovića.</strong></p>\r\n<p>&nbsp;</p>\r\n<p>&nbsp;</p>\r\n<p>Bila je to svetska premijera kompozicije koju je Beogradska filharmonija poručila od Živkovića. Filharmoničari su svirali&nbsp;&bdquo;Dupli</p>\r\n<p>koncert za violončelo i perkusije&ldquo; zajedno sa poznatim violončelistom Kijanom Soltanijem i na&scaron;om perkusionistkinjom Aleksandrom &Scaron;uklar.</p>\r\n<p>&nbsp;</p>\r\n<p>Osim Živkovićevog dela, na programu sinoćnjeg koncerta na&scaron;li su se i kompozicija &bdquo;Predsednik ple&scaron;e&ldquo; Džona Adamsa</p>\r\n<p>i najlep&scaron;a od svih &ndash; &bdquo;Patetična&ldquo; simfonija Čajkovskog.</p>\r\n<p>&nbsp;</p>\r\n<p><img src=\"https://nova.rs/wp-content/uploads/2024/01/27/1706344914-Tan2024-01-2621302278_7-1024x683.jpg\" width=\"907\" height=\"604\"></p>\r\n<p>&nbsp;</p>\r\n<p>U sezoni u kojoj slavi prvi vek postojanja, Beogradska filharmonija je poručila kompoziciju od Neboj&scaron;e Jovana Živkovića, sa namerom</p>\r\n<p>&nbsp;da je ostavi budućim generacijama iz celog sveta.</p>\r\n<p>&nbsp;</p>\r\n<p>Autor je tokom prethodne tri decenije, kao izvođač i kompozitor značajno uticao na međunarodnu perkusionističku scenu.</p>\r\n<p>&nbsp;</p>\r\n<p>&bdquo;Inspiracija mi je najvećim delom do&scaron;la upravo od solista sa kojima smo se u vi&scaron;e navrata sretali za inspirativno improvizirajuće seanse.</p>\r\n<p>Iako je čelo moj najomiljeniji instrument, bilo je jo&scaron; mnogo toga &scaron;to mi je Kijan odsvirao, demonstrirao, pokazao, i objasnio.</p>\r\n<p>Čelo je beskonačan instrument&hellip; Toliko beskonačan kao i muzikalnost Aleksandre &Scaron;uklar, njena neverovatna scenska prezentnost je bila</p>\r\n<p>inspiracija pogotovo za prvi nastup udaraljki u prvom stavu: rasplamsana kao vatra na vihoru, jedna femme fatale iza udaraljki&ldquo;,</p>\r\n<p>rekao je Neboj&scaron;a Jovan Živković u najavi koncerta.</p>\r\n<p>&nbsp;</p>\r\n<p><img src=\"https://nova.rs/wp-content/uploads/2024/01/27/1706344893-Tan2024-01-2621302089_2-1024x683.jpg\" width=\"906\" height=\"604\"></p>\r\n<p>&nbsp;</p>\r\n<p>Violončelista Kijan Soltani i perkusionistkinja Aleksandra &Scaron;ukler opravdali su status virtouznih muzičara sinoć u Kolarcu, a publika</p>\r\n<p>je dugim aplauzom sa scene ispratila protagoniste jo&scaron; jednog slavljeničkog koncerta Beogradske filharmonije.</p>\r\n<p>&nbsp;</p>\r\n<p>&nbsp;</p>\r\n<p>&nbsp;</p>', '2024-01-29 01:49:44', 0, 0, 'objavljen', 6, 5, 'slike/kultura3.jpg'),
(30, 'Embidovo „bežanje“ može da ga košta MVP titule, pet utakmica će mu odlučiti sudbinu', '<p>&nbsp;</p>\r\n<p>&nbsp;</p>\r\n<p><img src=\"https://nova.rs/wp-content/uploads/2024/01/27/1706393971-profimedia-0837873314-750x500.jpg\"></p>\r\n<p>&nbsp;</p>\r\n<p><strong data-attribute-id=\"emphasized-text\">Ukoliko Džoel Embid želi da osvoji MVP titulu, moraće da se pojavi na terenu jo&scaron; 32 puta.</strong></p>\r\n<p>&nbsp;</p>\r\n<p>&nbsp;</p>\r\n<p>Poražena je Filadelfija jo&scaron; jednom bez Džoela Embida, sada od Portlanda i to veoma ubedljivo sa 130:104,</p>\r\n<p>ali to trenutno nije najveći problem američkog reprezentativca.</p>\r\n<p>&nbsp;</p>\r\n<p>Embid je ove sezone propustio 12 utakmica, &scaron;to znači da je ukupno odigrao 33.</p>\r\n<p>&nbsp;</p>\r\n<p>Po&scaron;to je minimalna granica odigranih mečeva za osvajanje MVP titule 65, Embid će do</p>\r\n<p>kraja sezone moći da propusti samo jo&scaron; pet mečeva.</p>\r\n<p>&nbsp;</p>\r\n<p>Trenutno ga muči povreda kolena zbog koje je propustio i meč sa Denverom u Koloradu.</p>\r\n<p>&nbsp;</p>\r\n<p>Embid ove sezone beleži 36 poena, 11,4 skoka i 5,8 asistencija po meču za 34,2 minuta.</p>\r\n<p>&nbsp;</p>\r\n<p>&nbsp;</p>', '2024-01-30 02:37:51', 0, 0, 'objavljen', 12, 2, 'slike/sport4.jpg'),
(31, 'Zvezda se hitno oglasila zbog Bahara: Ne dugujemo mu ni evro', '<p>&nbsp;</p>\r\n<p>&nbsp;</p>\r\n<p><img src=\"https://nova.rs/wp-content/uploads/2023/10/25/1698264166-profimedia-0816696132-750x499.jpg\" alt=\"Barak Bahar\"></p>\r\n<p>&nbsp;</p>\r\n<p><strong data-attribute-id=\"emphasized-text\">Predsednik FK Crvena zvezda Svetozar Mijailović odlučio je da se oglasi o slučaju Baraka Bahara.</strong></p>\r\n<p>&nbsp;</p>\r\n<p>Pojavile su se prethodnih dana informacije na izraelskom portalu &bdquo;One&ldquo; da je Bahar predao tužbu protiv Zvezde.</p>\r\n<p>&nbsp;</p>\r\n<p>Sada je odlučio da se oglasi Mijailović i to demantuje.</p>\r\n<div class=\"dynamic-banner banner-mobile\">\r\n<p>&nbsp;</p>\r\n</div>\r\n<p>&bdquo;Crvena zvezda ne duguje Baraku Baharu ni jedan evro. Plata mu se redovno isplaćuje svakog meseca, i njemu i</p>\r\n<p>njegovim saradnicima. Propisi FIFA su jasni, klub koji je otpustio trenera je u obavezi da mu isplaćuje platu po</p>\r\n<p>ugovoru dok taj trener ne potpi&scaron;e za drugi klub. To rade i najveći klubovi u sličnim situacijama kada smene tenera&ldquo;,</p>\r\n<p>poručio je, između ostalog, Svetozar Mijailović.</p>\r\n<p>&nbsp;</p>\r\n<p>Prvi čovek srpskog prvaka je naglasila da su pod kontrolom kao i inače.</p>\r\n<p>&nbsp;</p>\r\n<p>&bdquo;Crvena zvezda postupa u skladu sa propisima FIFA i UEFA, pod kontrolom smo njihovog monitoringa za izdavanje</p>\r\n<p>licence koju uspe&scaron;no dobijamo svake sezone. Tako će biti i ove sezone, a to je jasan dokaz da Crvena zvezda posluje</p>\r\n<p>zakonito i transparentno&ldquo;, dodao je predsednik Crvene zvezde.</p>\r\n<p>&nbsp;</p>\r\n<p>&nbsp;</p>', '2024-01-30 02:41:09', 0, 1, 'objavljen', 12, 2, 'slike/sport5.jpg'),
(32, 'Zvanično: Rakitić u Saudijskoj Arabiji, Hrvat ide da naplati ono što je oprostio', '<p>&nbsp;</p>\r\n<p>&nbsp;</p>\r\n<p><img src=\"https://nova.rs/wp-content/uploads/2023/05/31/1685563699-Tan2023-05-3122062058_8-750x500.jpg\"></p>\r\n<p>&nbsp;</p>\r\n<p><strong data-attribute-id=\"emphasized-text\">Hrvatski fudbaler Ivan Rakitić zvanično je novi igrač saudijskog Al &Scaron;ababa, sa kojim je potpisao ugovor do juna 2025. godine.</strong></p>\r\n<p>&nbsp;</p>\r\n<p>Biv&scaron;i reprezentativac Hrvatske je tako napustio &Scaron;paniju posle 13 godina. On je od januara 2011. igrao za Sevilju sa kojom je 2014.</p>\r\n<p>osvojio Ligu Evrope, a potom je pre&scaron;ao u Barselonu sa kojom je osvojio Ligu &scaron;ampiona 2015. godine.</p>\r\n<p>&nbsp;</p>\r\n<p>Nakon povratka u Sevilju 2020, osvojio je jo&scaron; jedan trofej u Ligi Evrope 2023. godine. Sada će u Saudijskoj Arabiji nadoknaditi ono</p>\r\n<p>čega se odrekao prilikom povratka u Andaluziju, a pi&scaron;e se da će zarađivati 10.000.000 evra godi&scaron;nje.</p>\r\n<p>&nbsp;</p>\r\n<p>&bdquo;Sevilja želi da zahvali Ivanu Rakitiću, jednom od najvažnijih igrača u svojoj istoriji, na uloženom trudu i predanosti svih ovih godina</p>\r\n<p>i želi mu puno uspeha u budućnosti&ldquo;, navela je Sevilja.</p>\r\n<p>&nbsp;</p>\r\n<p>Rakitić je sa 323 nastupa stranac sa najvi&scaron;e utakmica u istoriji Sevilje.</p>\r\n<p>&nbsp;</p>\r\n<p>Ivan Rakitić je profesionalnu karijeru počeo u Bazelu, od 2007. do 2009. godine je nosio dres &Scaron;alkea, a potom se preselio u La Ligu.</p>\r\n<p>Za reprezentaciju Hrvatske je ukupno sakupio 106 nastupa i postigao 15 golova.</p>', '2024-01-30 02:45:12', 0, 0, 'objavljen', 12, 2, 'slike/sport6.jpg'),
(33, 'Jerković pristao na intervju za Nova.rs, a onda dao samo jedan odgovor: Evo šta kaže za ulazak u vlast sa SNS', '<p>&nbsp;</p>\r\n<p>&nbsp;</p>\r\n<p><strong data-attribute-id=\"emphasized-text\">Jo&scaron; je nejasno da li u Skup&scaron;tini grada Beograda ima većine, a ime koje se prethodnih dana u tom kontekstu </strong></p>\r\n<p><strong data-attribute-id=\"emphasized-text\">najvi&scaron;e pominje jeste Aleksandar Jerković. On je predvodio listu za Beograd koalicije \"Mi, glas iz naroda\", </strong></p>\r\n<p><strong data-attribute-id=\"emphasized-text\">a Nova.rs je poku&scaron;ala s njim da razgovara o tome da li će podržati vlast SNS i SPS. Jerkoviću smo ponudili </strong></p>\r\n<p><strong data-attribute-id=\"emphasized-text\">intervju od sedam pitanja, dogovorili autorizaciju i telefonski razgovor, a dobili smo pisani odgovor u </strong></p>\r\n<p><strong data-attribute-id=\"emphasized-text\">nekoliko redova i to kao odgovor na pitanje koje nismo ni postavili.</strong></p>\r\n<p>&nbsp;</p>\r\n<p>&nbsp;</p>\r\n<p>Da bi Aleksandar &Scaron;apić postao novi gradonačelnik Beograda potrebno je da jo&scaron; dva odbornika podrže SNS i SPS.</p>\r\n<p>Nova.rs je kontaktirala one s liste Branimira Nestorovića kako bismo dobili odgovor.</p>\r\n<p>&nbsp;</p>\r\n<p>U interesu javnosti je da građani saznaju da li će biti većine i ko će je činiti, pa smo ponudili intervju jednom od</p>\r\n<p>odbornika s ove liste, Aleksandru Jerkoviću. Njegovo ime se poslednjih dana dovodilo u veza sa formiranjem nove</p>\r\n<p>vecine, spominje se kao neko ko bi mogao da bude tas na vagi u korist režima.</p>\r\n<p>&nbsp;</p>\r\n<p>&nbsp;</p>\r\n<p><img src=\"https://nova.rs/wp-content/uploads/2024/01/10/1704891092-nestorovic_stab_17122023_0031-1024x683.jpg\" width=\"844\" height=\"563\"></p>\r\n<p>&nbsp;</p>\r\n<p>S njim smo dogovorili intervju, poslali spisak tema o kojima bismo razgovarali u telefonskom razgovoru, na &scaron;ta je</p>\r\n<p>odbornik Jerković pristao uz uslov da autorizuje tekst.</p>\r\n<p>&nbsp;</p>\r\n<p>To se podrazumeva i deo je etike novinarske profesije, pa smo prihvatili.</p>\r\n<p>&nbsp;</p>\r\n<p>Posle toga Jerković je rekao da &ldquo;javiti kad pogleda pitanja &scaron;ta može da učini za nas&rdquo;. Na konkretna pitanja &scaron;ta se de&scaron;ava</p>\r\n<p>između njega i Branimira Nestorovića, da li će podržati vlast i pod kojim uslovima, da li je re&scaron;enje za Beograd izlazak na</p>\r\n<p>nove izbore i da li je opozicija, Jerković je poslao odgovor na samo jedno pitanje, koje nismo ni postavili.</p>\r\n<p>&nbsp;</p>\r\n<p>Na kraju, Jerković nam je uputio pisani odgovor &ldquo;koji obuhvata sva na&scaron;a pitanja&rdquo;. Taj odgovor je bio sledeći:</p>\r\n<p>&ldquo;Ne vidim za&scaron;to ne bismo razgovarali sa bilo kim ko želi da prihvati program za Beograd pokreta &lsquo;Nema nazad iza je Srbija&rsquo;</p>\r\n<p>i da ga sprovodi. Upravo onako kako je pre izbora govorio i gospodin Branko Pavlović: &bdquo;Nisu nam bitna kadrovska re&scaron;enja.</p>\r\n<p>Nije nam bitno ko će da sprovodi na&scaron; program ako će da se realizuje u interesu građana Srbije&ldquo;. Mi nismo i nećemo odustati</p>\r\n<p>ni od jedne izgovorene reči koja je data pre izbora. Dakle, nećemo osnovati partiju, niti se integrisati sa bilo kojom&rdquo;, poručio</p>\r\n<p>je Jerković u kratkoj izjavi za Novu na pitanje koje nismo ni postavili.</p>\r\n<div class=\"dynamic-banner banner-mobile\">\r\n<p>&nbsp;</p>\r\n</div>\r\n<p>Dakle, Nova.rs i građani ostali su uskrećeni za informacije da li će deo odbornika sa liste Branimira Nestorovića podržati</p>\r\n<p>SNS i SPS i izabrati Aleksandra &Scaron;apića za gradonačelnika. Do formiranja gradske vlasti.</p>\r\n<p>Podsetimo, nosilac beogradske liste na prethodnim izborima ispred grupe građana &ldquo;Mi &ndash; glas iz naroda&rdquo;, Aleksandar Jerković,</p>\r\n<p>dospeo je u žižu javnosti nakon &scaron;to je uputio poziv Branimiru Nestoroviću da se sastanu kako bi &bdquo;videli &scaron;ta i kako dalje&ldquo;.</p>\r\n<p>&nbsp;</p>\r\n<p><img src=\"https://nova.rs/wp-content/uploads/2024/01/10/1704891126-nestrovic_23122023_0067-1024x798.jpg\" width=\"865\" height=\"674\"></p>\r\n<p>&nbsp;</p>\r\n<p>Nakon ovog poziva, na Jerkovića je pala sumnja da će upravo on biti taj &bdquo;prebeg&ldquo; koji će omogućiti naprednjacima da formiraju</p>\r\n<p>vlast u Beogradu i time produžiti njihovu vladavinu u glavnom gradu Srbije. Iako tvrdi da mu je glavni cilj da nastavi saradnju sa</p>\r\n<p>Nestorovićem, Jerkovićeva politička istorija pokazuje da je i te kako sklon (ne)očekivanim obrtima, kompromisima i promeni mi&scaron;ljenja.</p>\r\n<p>&nbsp;</p>\r\n<p>&nbsp;</p>', '2024-01-30 03:04:12', 0, 0, 'objavljen', 14, 1, 'slike/plitika1.jpg'),
(34, 'Šta kažu iz opozicije posle najave da će biti sednica Skupštine 6. februara', '<p>&nbsp;</p>\r\n<p>&nbsp;</p>\r\n<p><img src=\"https://nova.rs/wp-content/uploads/2023/09/05/1693908195-NMN_2060_3-750x500.jpg\"></p>\r\n<p>&nbsp;</p>\r\n<p><strong data-attribute-id=\"emphasized-text\">Odluka predsednik Skup&scaron;tine Srbije Vladimia Orlića da zakaže konstitutivnu sednicu parlamenta za utorak, </strong></p>\r\n<p><strong data-attribute-id=\"emphasized-text\">6. februara iznenadila je mnoge na političkoj sceni, a moguće i deo koalicije &ldquo;Srbija protiv nasilja&rdquo; koja je </strong></p>\r\n<p><strong data-attribute-id=\"emphasized-text\">samo pre par dana zahtevala da sednica bude održana posle 8. februara, kada će se o izborima u Srbiji </strong></p>\r\n<p><strong data-attribute-id=\"emphasized-text\">izjasniti poslanici Evropskog parlamenta.</strong></p>\r\n<p>&nbsp;</p>\r\n<p>&nbsp;</p>\r\n<p>Predstavnici ove liste smatraju da je zakazivanje senice ovako brzo poku&scaron;aj relativizacije izborne krađe koju opozicija</p>\r\n<p>neće dozvoliti, kao i da predsednik Srbije Aleksandar Vučić poku&scaron;ava da se sakrije od kritika međunarodne zajednice.</p>\r\n<p>&nbsp;</p>\r\n<p>Ipak, čini se da ovo iznenađenje nije uticalo na spremnost opozicije da reaguje i odluči da prisustvuje sednici&nbsp;ali ne na klasičan način.</p>\r\n<p>Kako je prenela agencija Beta, poslanici SPN će 6. februara biti u Skup&scaron;tini Srbije i demonstriraće neslaganje s</p>\r\n<p>konstituisanjem Skup&scaron;tine zbog izborne krađe.</p>\r\n<div class=\"dynamic-banner banner-mobile\">\r\n<p>&nbsp;</p>\r\n</div>\r\n<p>&ldquo;Dogovorili smo se da ne učestvujemo u konsultacijama oko izbora i formiranja skup&scaron;tinskih funkcionera i tela. Zahtevali</p>\r\n<p>smo da se sednica zakaže za posle 9. februara kada se očekuje rezolucija Evropskog parlamenta, ali na&scaron; zahtev nije prihvaćen&ldquo;,</p>\r\n<p>rekao je sagovornik Bete.</p>\r\n<p>&nbsp;</p>\r\n<p><img src=\"https://nova.rs/wp-content/uploads/2023/12/21/1703182981-1703182772076-1024x683.jpeg\" width=\"808\" height=\"539\"></p>\r\n<p>&nbsp;</p>\r\n<p>Lider DS i jedna od lidera SPN Zoran Lutovac za Danas kaže da iz aove odluke stoji namera vlasti da politikom svr&scaron;enog</p>\r\n<p>čina utiče na Rezoluciju Evroskog parlamenta.</p>\r\n<p>&bdquo;Namera im je očigledno da se politikom svr&scaron;enog čina utiče na Rezoluciju Evroskog parlamenta koja je najavljena za&nbsp;8. februar.</p>\r\n<p>To je poku&scaron;aj da se izborna krađa relativizuje, međutim niko ne može relatvizovati ćinjenicu da je krađa bila ogromna&ldquo;, kaže on.</p>\r\n<p>&nbsp;</p>\r\n<p><img src=\"https://nova.rs/wp-content/uploads/2024/01/19/1705666597-HAM_0456-1024x683.jpg\" width=\"794\" height=\"529\"></p>\r\n<p>&nbsp;</p>\r\n<p>Dok prvi na listi SPN i kopredsednik Zeleno-levog fronta Radomir Lazović za Danas kaže da bilo bi dobro da se</p>\r\n<p>konstitutivna sednica Narodne skup&scaron;tine održi nakon sednice Evorpskog parlamenta odnosno nakon usvajanja</p>\r\n<p>rezolucije o pokradenim izborima u Srbiji. To je, kako kaže, izvodljivo kada je reč o rokova.</p>\r\n<div class=\"dynamic-banner banner-mobile\">\r\n<p>&nbsp;</p>\r\n</div>\r\n<p>&bdquo;Ali čini se da Vučić poku&scaron;ava da se sakrije od kritika međunarodne zajednice. Mislim da mu to neće poći za rukom</p>\r\n<p>jer je ceo svet mogao da vidi koliko su velike prevare u Srbiji. Svi posmatrači i OEBS-a/ODHIR-a i Saveta Evrope i</p>\r\n<p>Evropskog parlamenta i CRTA-e su jasno rekli da izbori nisu bili fer i da je u Beogradu opoziciji oteta pobeda.</p>\r\n<p>Odbijanjem da to prizna Vučić najveću &scaron;tetu nanosi građanima Srbije produbljujući političku krizu u kojoj se</p>\r\n<p>zemlja nalazi&ldquo;, navodi on za Danas.</p>\r\n<p>&nbsp;</p>\r\n<p>On kaže da opozicija očekuje da se nakon sednice Evropskog parlamenta krene u dogovaranje neke vrste</p>\r\n<p>međunarodne misije koja bi nadgledala unapređenje izbornih uslova, a tu pre svega mislim na birački spisak.</p>\r\n<p>&bdquo;Ne bih isključio ni da se predstavnici opozicije nađu u Strazburu na ovoj sednici, ali u ovom trenutku to ne</p>\r\n<p>mogu da potvrdim&ldquo;, najavljuje on.</p>\r\n<p>Reagovala je na dru&scaron;tvenoj mreži i nositeljak liste SPN Marinika Tepić koja je napisala da su &ldquo;prevaranti</p>\r\n<p>napumpali sebi procente organizovanim izbornim kriminalom&rdquo; te da zato ne smeju da sačekaju rezoluciju.</p>\r\n<p>&nbsp;</p>\r\n<p>&nbsp;</p>', '2024-01-30 04:07:18', 2, 0, 'objavljen', 14, 1, 'slike/politika2.jpg'),
(35, '„Ako ne bude većine, novi izbori u Beogradu u junu ili julu“: Oglasio se Vučićev glavni operativac iz SNS', '<p>&nbsp;</p>\r\n<p>&nbsp;</p>\r\n<p><img src=\"https://nova.rs/wp-content/uploads/2023/05/16/1684257300-1684257073651-copy-750x500.jpg\"></p>\r\n<p>&nbsp;</p>\r\n<p><strong data-attribute-id=\"emphasized-text\">Predsednik Izvr&scaron;nog odbora Srpske napredne stranke (SNS) Darko Gli&scaron;ić izjavio je danas da će lokalni izbori </strong></p>\r\n<p><strong data-attribute-id=\"emphasized-text\">u onim mestima gde nisu održani 17. decembra, biti održani polovinom 2024.</strong></p>\r\n<p>&nbsp;</p>\r\n<p>&nbsp;</p>\r\n<p>&bdquo;Da li će to biti jun, jul&hellip; Svakako je negde na samoj polovini 2024. godine&ldquo;, rekao je Gli&scaron;ić za televiziju Pink.</p>\r\n<p>&nbsp;</p>\r\n<p>On je naveo da je dosad konstituisana gotovo polovina lokalnih parlamenata u gradovima i op&scaron;tinama gde</p>\r\n<p>su izbori održani 17. decembra.</p>\r\n<p>&nbsp;</p>\r\n<p>&bdquo;To ide svojim tokom, po&scaron;tujući se zakon i volja građana &ndash; gde je u svih 66 (lokalnih samouprava) pobedila</p>\r\n<p>lista &lsquo;Aleksandar Vučić &ndash; Srbija ne sme da stane&rsquo;&ldquo;, kazao je Gli&scaron;ić.</p>\r\n<p>Kada su u pitanju beogradski izbori, on je naveo da će se na konstitutivnoj skup&scaron;tini gradske</p>\r\n<p>skup&scaron;tine videti da li će biti većine ili će se ići na nove izbore.</p>\r\n<p>Gli&scaron;ić je dodao da će zajedno s ostalim lokalnim izborima biti održani i izbori za 17 beogradskih op&scaron;tina a,</p>\r\n<p>ukoliko ne bude većine, i novi izbori za Skup&scaron;tinu grada Beograda.</p>\r\n<p>Gli&scaron;ić je rekao da će se na konstitutivnoj sednici Skup&scaron;tine grada Beograda videti da li ima većine ili će se ići na</p>\r\n<p>nove izbore sredinom godine, a da je polovina skup&scaron;tina op&scaron;tina u lokalnim samouprava u kojima su</p>\r\n<p>17. decembra održani izbori već konstituisana.</p>\r\n<p>&nbsp;</p>\r\n<p>&bdquo;Videćemo u Beogradu kada bude bila konstitutivna sednica Skup&scaron;tine grada da li ima ili nema većine.</p>\r\n<p>Ako je nema, ići ćemo na izbore kada budemo i&scaron;li i u ovim op&scaron;tinama koje dospevaju za jun-jul, pa ćemo</p>\r\n<p>onda da pridružimo i Beograd. Svakako tada idu i sve beogradske op&scaron;tine&ldquo;, rekao je Gli&scaron;ić na TV Pink.</p>\r\n<p>&nbsp;</p>\r\n<p>Gli&scaron;ić je podsetio da je u svih 66 op&scaron;tina lista koju je predvodio Aleksandar Vučić pobedila, a najavio je i</p>\r\n<p>da će se na jesen napraviti presek da se vidi ko je &scaron;ta uradio od onih ljudi koji su izabrani tokom januara.</p>\r\n<div class=\"dynamic-banner banner-mobile\">\r\n<p>&nbsp;</p>\r\n</div>\r\n<p>&bdquo;&Scaron;to se tiče republičke liste imamo aposlutnu većinu, ali naravno sa na&scaron;im tradicionalnim partnerima razgovaramo</p>\r\n<p>i razgovaraćemo da ta podr&scaron;ka bude &scaron;to &scaron;ira, da većina možda bude i dvotrećinski izražena u odnosu na ukupan</p>\r\n<p>broj mandata&ldquo;, rekao je Gli&scaron;ić.&nbsp;Gli&scaron;ić je rekao da će se i u Pokrajini ići na &scaron;to &scaron;ire dogovore sa onim ljudima koji žele</p>\r\n<p>posvećeno i po&scaron;teno da rade.</p>\r\n<p>&nbsp;</p>\r\n<p>&nbsp;</p>\r\n<p>&nbsp;</p>\r\n<p>&nbsp;</p>', '2024-01-30 04:13:10', 0, 0, 'objavljen', 14, 1, 'slike/politika3.jpg'),
(36, 'Jedinstvena Rusija: Prikupljeno 3,5 miliona potpisa podrške Vladimiru Putinu', '<p>&nbsp;</p>\r\n<p>&nbsp;</p>\r\n<p><img src=\"https://nova.rs/wp-content/uploads/2023/08/08/1691498409-Tan2023-08-0222001971_9-750x500.jpg\"></p>\r\n<p>&nbsp;</p>\r\n<p><strong data-attribute-id=\"emphasized-text\">Sekretar Generalnog saveta Jedinstvene Rusije Andrej Turčak saop&scaron;tio je da je prikupljeno vi&scaron;e od 3,5 </strong></p>\r\n<p><strong data-attribute-id=\"emphasized-text\">miliona potpisa podr&scaron;ke kandidaturi aktuelnog predsednika Vladimira Putina na predstojećim izborima u Rusiji,</strong></p>\r\n<p><strong data-attribute-id=\"emphasized-text\">&nbsp;od čega je vi&scaron;e od 2 miliona prikupila Jedinstvena Rusija.</strong></p>\r\n<p>&nbsp;</p>\r\n<p>&nbsp;</p>\r\n<p>&bdquo;Ukupno je prikupljeno vi&scaron;e od 3,5 miliona potpisa od strane vi&scaron;e od 25.000 sakupljača. Želeo bih da napomenem da je</p>\r\n<p>Jedinstvena Rusija dala glavni doprinos postizanju ovog rezultata, na&scaron;i saborci su sakupili skoro 2 miliona 100 hiljada potpisa,</p>\r\n<p>&scaron;to je vi&scaron;e od polovine ukupnog broja&ldquo;, rekao je Turčak na sastanku Generalnog saveta stranke, prenosi RIA Novosti.</p>\r\n<p>Prema njegovim rečima, vodeći regioni bili su Kemerovska oblast &ndash; Kuzbas, gde je prikupljeno vi&scaron;e od 74.000 potpisa,</p>\r\n<p>Čuva&scaron;ka Republika (64.000 potpisa) i Republika Ba&scaron;kortostan, gde je prikupljeno 58.500 potpisa.</p>\r\n<p>&nbsp;</p>\r\n<p>Pored toga, Turčak je napomenuo da je Jedinstvena Rusije 16. januara za jedan dan prikupila rekordnih 316.000 potpisa.</p>\r\n<p>&nbsp;</p>\r\n<p>&bdquo;Najvi&scaron;e potpisa 16. januara prikupljeno je u regionima: Stavropolj, Krim, Habarovska oblast, Nenecki autonomni okrug,</p>\r\n<p>Tomska oblast, Altajska oblast, Nižegorodska oblast, Orenbur&scaron;ka oblast, Čuva&scaron;ka Republika i Tjumenska oblast&ldquo;,</p>\r\n<p>rekao je Turčak.</p>\r\n<p>&nbsp;</p>\r\n<p>&nbsp;</p>', '2024-01-30 04:31:19', 0, 0, 'objavljen', 16, 6, 'slike/svet1.jpg'),
(37, 'Nemački državni ministar iznenadio priznanjem: Jednostavno, nemamo više novca', '<p>&nbsp;</p>\r\n<p>&nbsp;</p>\r\n<p><img src=\"https://nova.rs/wp-content/uploads/2024/01/30/1706631695-profimedia-0841685343-750x500.jpg\"></p>\r\n<p>&nbsp;</p>\r\n<p><strong data-attribute-id=\"emphasized-text\">Nemački državni ministar Karsten &Scaron;najder je tokom debate u emisiji \"Te&scaron;ko ali fer\" (Hart aber fair) televizije </strong></p>\r\n<p><strong data-attribute-id=\"emphasized-text\">ARD iznenadio sagovornike priznanjem da nemačka vlada nema vi&scaron;e finansijskih sredstava u budžetu.</strong></p>\r\n<p>&nbsp;</p>\r\n<p>&bdquo;Želeo bih da kratko kažem par iskrenih reči o finansijskoj situaciji. Jednostavno, nemamo vi&scaron;e novca&ldquo;,</p>\r\n<p>izjavio je &Scaron;najder, prenosi Bild.</p>\r\n<p>Političar vladajuće &bdquo;semafor koalicije&ldquo; je dodao da je Vlada Nemačke potro&scaron;ila 800 milijardi evra za pomoć u</p>\r\n<p>vreme epidemije virusa korona, kao i na pakete za subvencionisanje cena gasa i struje.</p>\r\n<p>&nbsp;</p>\r\n<p>&bdquo;Vreme da se sada za to ispostavi račun&ldquo;, naglasio je &Scaron;najder, dodav&scaron;i da ne može da vi&scaron;e najavljuje dalju pomoć.</p>\r\n<div class=\"dynamic-banner banner-mobile\">\r\n<p>&nbsp;</p>\r\n</div>\r\n<p>Zajmovi za &bdquo;važna ulaganja u budućnost&ldquo; vi&scaron;e nisu moguća zbog odluke Ustavnog suda Nemačke,</p>\r\n<p>dodao je nemački državni ministar.</p>\r\n<p>&nbsp;</p>\r\n<p>On je priznao i da Vlada Nemačke nije ispravno postupila prema poljoprivrednicima.</p>\r\n<p>&bdquo;Dvostruko poresko opterećenje na motorna vozila i poljoprivredni dizel je bilo previsoko i sa njima</p>\r\n<p>se o tome nije razgovaralo. Bila je to jasna gre&scaron;ka!&ldquo;</p>\r\n<p>&nbsp;</p>\r\n<p>Poličarka Sara Vagenkneht je u istoj emisiji izjavila da Nemačka sada ima &bdquo;najgluplju vladu u Evropi&ldquo; i istakla da</p>\r\n<p>želi da u Berlinu vidi vladu koja zaista zastupa interse naroda u njenoj zemlji.</p>\r\n<p>&nbsp;</p>\r\n<p>&nbsp;</p>', '2024-01-30 04:43:43', 0, 0, 'objavljen', 16, 6, 'slike/svet2.jpg'),
(38, 'Objavljena imovinska karta Vladimira Putina: 10 bankovnih računa, a evo koliko je zaradio za šest godina', '<p>&nbsp;</p>\r\n<p>&nbsp;</p>\r\n<p><img src=\"https://nova.rs/wp-content/uploads/2023/10/06/1696598566-profimedia-0358751655-1-750x541.jpg\"></p>\r\n<p>&nbsp;</p>\r\n<p><strong data-attribute-id=\"emphasized-text\">Centralna izborna komisija Ruske Federacije objavila je informaciju o imovini kandidata za predsednika </strong></p>\r\n<p><strong data-attribute-id=\"emphasized-text\">Ruske Federacije i aktuelnog ruskog lidera Vladimira Putina.</strong></p>\r\n<p>&nbsp;</p>\r\n<p>Prema podacima, ukupan prihod Putina za &scaron;est godina iznosio je 67.591.875 rubalja (oko 700.000 evra), prenosi RIA Novosti.</p>\r\n<p>U izve&scaron;taju je navedeno da predsednik Rusije poseduje i stan od 77 kvadratnih metara i garažu od 18 kvadratnih metara u</p>\r\n<p>Sankt Peterburgu, kao i tri automobila &ndash; GAZ M21, proizveden 1960, GAZ M21, proizveden 1965, Niva, proizvedena 2009,</p>\r\n<p>auto prikolica &bdquo;Skif&ldquo;, proizvedena 1987. godine.</p>\r\n<p>&nbsp;</p>\r\n<p>Putin takođe ima 10 bankovnih računa na kojima se nalazi 54.416.604,52 rublja (oko 550.000 evra) i 230 akcija PJSC</p>\r\n<p>Bank St. Petersburg (nominalna vrednost jedne akcije je 11,81 rublje).</p>\r\n<div class=\"dynamic-banner banner-mobile\">\r\n<p>&nbsp;</p>\r\n</div>\r\n<p>Predsednik Rusije takođe je vlasnik stana u Moskvi (153,7 kvadratnih metara).</p>\r\n<p>&nbsp;</p>\r\n<p>&nbsp;</p>', '2024-01-30 04:47:55', 0, 0, 'objavljen', 16, 6, 'slike/svet3.jpg');
INSERT INTO `vest` (`id_vesti`, `naslov`, `sadrzaj`, `datum_vreme`, `broj_lajkova`, `broj_dislajkova`, `stanje`, `id_novinara`, `id_rubrike`, `slika_url`) VALUES
(39, 'Nove veze i pomirenja: Nedeljni horoskop donosi promene', '<p>&nbsp;</p>\r\n<p>&nbsp;</p>\r\n<p><img src=\"https://nova.rs/wp-content/uploads/2021/05/1620541199-profimedia-0374157895-750x500.jpg\" alt=\"Milano; moda\"></p>\r\n<p>&nbsp;</p>\r\n<p><strong data-attribute-id=\"emphasized-text\">Pročitajte nedeljni horoskop za period od 10. do 16. maja 2021. godine.</strong></p>\r\n<p>&nbsp;</p>\r\n<p><strong>Ovan</strong></p>\r\n<p>&nbsp;</p>\r\n<p>Generalno vlada povoljan period za putovanja kod vas. Imaćete sreće na polju posla. Kada je u pitanju ljubav,</p>\r\n<p>možete da očekujete priliku za avanturu u kojoj će biti i emocija, pi&scaron;e Lufka.</p>\r\n<p>&nbsp;</p>\r\n<p><strong>Bik</strong></p>\r\n<p>&nbsp;</p>\r\n<p>Možete da očekujete da ćete imati pobolj&scaron;anje finansija i da ćete imati sreće na polju posla.</p>\r\n<p>Na polju emocija možete da očekujete priliku za ozbiljnu vezu sa strastvenom osobom.</p>\r\n<p>&nbsp;</p>\r\n<p><strong>Blizanci</strong></p>\r\n<p>&nbsp;</p>\r\n<p>Ukoliko tokom ove nedelje sklopite neki dogovor o poslu, bićete zadovoljni na duže staze.</p>\r\n<p>Na polju ljubavi ćete uspeti da re&scaron;ite neke nesporazume koje ste imali sa voljenom osobom.</p>\r\n<p>&nbsp;</p>\r\n<p><strong>Rak</strong></p>\r\n<p>&nbsp;</p>\r\n<p>Pred vama je povoljna faza za re&scaron;avanje svih poslovnih problema. Kada je u pitanju ljubav,</p>\r\n<p>možete da očekujete promene u pona&scaron;anju partnera.</p>\r\n<p>&nbsp;</p>\r\n<p><strong>Lav</strong></p>\r\n<p>&nbsp;</p>\r\n<p>Moguće je da ćete u drugoj polovini ovog perioda imati neke probleme na poslu, a promene</p>\r\n<p>vas na ovom polju očekuju. Kada je u pitanju ljubav, možete da očekujete novu vezu.</p>\r\n<p>&nbsp;</p>\r\n<p><strong>Devica</strong></p>\r\n<p>&nbsp;</p>\r\n<p>Pred vama je period u kojem možete da ostvarite pobolj&scaron;anje na polju privatnog posla.</p>\r\n<p>Možete da očekujete pozitivne promene na polju ljubavi i razmi&scaron;ljanje o deci.</p>\r\n<p>&nbsp;</p>\r\n<p><strong>Vaga</strong></p>\r\n<p>&nbsp;</p>\r\n<p>Pred vama je period u kojem možete da imate novu, zanimljivu poslovnu ponudu.</p>\r\n<p>Kada je upitanju ljubav, možete da očekujete stabilno stanje sa partnerom.</p>\r\n<p>&nbsp;</p>\r\n<p><strong>&Scaron;korpija</strong></p>\r\n<p>&nbsp;</p>\r\n<p>Bićete zadovoljni, jer će vam se trud isplatiti, očekuje vas novčano pobolj&scaron;anje. Na polju</p>\r\n<p>ljubavi je moguće zanimljivo poznanstvo sa osobom koja je starija od vas.</p>\r\n<p>&nbsp;</p>\r\n<p><strong>Strelac</strong></p>\r\n<p>&nbsp;</p>\r\n<p>Možete da očekujete da ćete na poslovnom planu uspeti da dokažete svoju efikasnost.</p>\r\n<p>Kada je upitanju ljubav, težite stabilnim i ozbiljnim vezama, želite ono pravo.</p>\r\n<p>&nbsp;</p>\r\n<p><strong>Jarac</strong></p>\r\n<p>&nbsp;</p>\r\n<p>Možete da očekujete da ćete u narednom periodu malo teže obavljati osnovne poslovne obaveze.</p>\r\n<p>Na polju ljubavi vas očekuje faza koja može da vam donese neke dileme i razočarenja.</p>\r\n<p>&nbsp;</p>\r\n<p><strong>Vodolija</strong></p>\r\n<p>&nbsp;</p>\r\n<p>Nećete uspeti da realizujete sve svoje planove tokom ove faze. Moguće je da ćete biti dosta usporeni.</p>\r\n<p>Na polju ljubavi nećete biti zadovoljni, a moguće i da partner ne&scaron;to skriva od vas.</p>\r\n<p>&nbsp;</p>\r\n<p><strong>Ribe</strong></p>\r\n<p>&nbsp;</p>\r\n<p>Možete da očekujete priliku da ostvarite poslovno napredovanje koje će vam biti značajno.</p>\r\n<p>Na polju ljubavi, sve ide onako kako ste želeli i zadovoljni ste.</p>\r\n<p>&nbsp;</p>\r\n<p>&nbsp;</p>\r\n<p>&nbsp;</p>\r\n<p>&nbsp;</p>', '2024-01-30 05:06:54', 0, 0, 'objavljen', 18, 4, 'slike/zabava1.jpg'),
(40, 'Milica Jokić pala usred nastupa, pa nastavila da peva na zemlji: Snimak ovog peha nasmejao je mnoge', '<p>&nbsp;</p>\r\n<p>&nbsp;</p>\r\n<p><img src=\"https://nova.rs/wp-content/uploads/2021/12/02/1638471800-DSC_3712-750x500.jpg\" alt=\"Milica Jokic\"></p>\r\n<p>&nbsp;</p>\r\n<p><strong data-attribute-id=\"emphasized-text\">Pevačica Milica Jokić svojim glasom je brzo osvojila publiku i postala veoma tražena na veseljima.</strong></p>\r\n<p>&nbsp;</p>\r\n<p>Nju čak nazivaju i &bdquo;novom kraljicom bak&scaron;i&scaron;a&ldquo;, budući da su vi&scaron;e puta do sada internetom kružili snimci na kojima je</p>\r\n<p>ljudi kite parama, roleksima i drugim skupocenostima.</p>\r\n<p>Ipak, Milica je sada tokom nastupa u jednoj emisiji doživela manji peh, a njena reakcija naročito je simpatična mnogima.</p>\r\n<p>&nbsp;</p>\r\n<p>Naime, ona je izvodila pesmu &bdquo;Nevaljala&ldquo; i igrala, a u jednom trenutku se okliznula i pala. Međutim, ona nije dozvolila</p>\r\n<p>da je ovo zbuni, te je nastavila da peva sedeći na podu.</p>\r\n<p>Prisutni su odmah dotrčali do nje i pomagali joj da ustane, a ona je samo rekla: &bdquo;Ni&scaron;ta, hajmo dalje&ldquo;.</p>\r\n<p>&nbsp;</p>\r\n<p>Ovom reakcijom odu&scaron;evila je mnoge, a kako je sve ovo izgledalo, možete pogledati u video-prilogu na početku teksta.</p>\r\n<p>&nbsp;</p>\r\n<p>&nbsp;</p>', '2024-01-30 05:15:37', 0, 0, 'objavljen', 18, 4, 'slike/zabava2.jpg'),
(41, 'Turisti iz celog sveta proglasili su ovo mesto za 8. svetsko čudo – i zaista izgleda nestvarno', '<p>&nbsp;</p>\r\n<p>&nbsp;</p>\r\n<p><img src=\"https://nova.rs/wp-content/uploads/2024/01/05/1704452754-shutterstock_427536784-copy-750x469.jpg\"></p>\r\n<p>&nbsp;</p>\r\n<p><strong data-attribute-id=\"emphasized-text\">Torres del Paine je najveći i najposećeniji park prirode u Čileu, zauzima krajnji jug zemlje na takozvanoj </strong></p>\r\n<p><strong data-attribute-id=\"emphasized-text\">\"Ruti do kraja sveta\", a po mnogima koji su ga posetili - zaslužuje titulu 8. svetskog čuda.</strong></p>\r\n<p>&nbsp;</p>\r\n<p>Posetioci sajta VirtualTourist proglasili su Nacionalni park &bdquo;Torres del Paine&ldquo; u južnom Čileu za &bdquo;osmo svetsko čudo&ldquo;.</p>\r\n<p>Torres del Paine je sa 5 miliona glasova od turista &scaron;irom sveta pobedio u konkurenciji od 300 različitih destinacija iz 50 zemalja.</p>\r\n<p>Takmičenje je pokrenuto ranije ove godine.</p>\r\n<p>&nbsp;</p>\r\n<p>&bdquo;Sa svojim prirodnim lepotama koje izazivaju duboko po&scaron;tovanje i pejzažima koji oduzimaju dah, nije ni čudo &scaron;to su posetioci</p>\r\n<p>na&scaron;eg sajta proglasili &bdquo;Tores del Paine&ldquo; za pobednika&ldquo;, rekla je Kimberli Stirdivant Vason, &scaron;ef odeljenja za odnose sa javno&scaron;ću</p>\r\n<p>i marketinga za VirtualTourist.</p>\r\n<p>&nbsp;</p>\r\n<p><img src=\"https://nova.rs/wp-content/uploads/2024/01/05/1704452747-shutterstock_1359352502-copy-1024x683.jpg\" width=\"789\" height=\"526\"></p>\r\n<p>&nbsp;</p>\r\n<p>&nbsp;</p>\r\n<p><img src=\"https://nova.rs/wp-content/uploads/2024/01/05/1704452738-shutterstock_1127491097-copy-1024x683.jpg\" width=\"783\" height=\"522\"></p>\r\n<p>&nbsp;</p>\r\n<p>Torres del Paine je najveći i najposećeniji park prirode u Čileu, zauzima krajnji jug zemlje na takozvanoj &bdquo;Ruti do kraja sveta&ldquo;.</p>\r\n<p>Ovaj nacionalni park karakteri&scaron;u izrazito visoke i o&scaron;tre planine koje grandiozno okružuju krajolik, te čuvaju glečere, jezera i reke.</p>\r\n<p>&nbsp;</p>\r\n<p>Sme&scaron;ten je u regiji poznatoj Patagoniji koja se odlikuje suvim i hladnim vremenskim prilikama.</p>\r\n<p>&nbsp;</p>\r\n<p><a href=\"https://youtu.be/0BGNe-sNodE\">https://youtu.be/0BGNe-sNodE</a></p>\r\n<p>&nbsp;</p>\r\n<p>&bdquo;Čileanska Patagonija je neverovatno područje neograničene i netaknute prirode&ldquo;, rekli su iz VirtualTourist, a Torres del Paine</p>\r\n<p>predstavili kao jednu od najupečatljivijih destinacija koje ovaj region može da ponudi.</p>\r\n<p>&nbsp;</p>\r\n<p>&nbsp;</p>\r\n<p>&nbsp;</p>', '2024-01-30 05:25:27', 0, 0, 'objavljen', 18, 4, 'slike/zabava3.jpg'),
(43, 'Buktinja u Beogradu: Zapalio se automobil na Zvezdari', '<p>&nbsp;</p>\r\n<p>&nbsp;</p>\r\n<p><img src=\"https://nova.rs/wp-content/uploads/2021/05/1622058541-shutterstock_188387324-750x501.jpg\" alt=\"Zapaljen automobil, požar, auto, vatra, gori automobil\"></p>\r\n<p>&nbsp;</p>\r\n<p><strong data-attribute-id=\"emphasized-text\">Na uglu Đevelijske i Tr&scaron;ćanske ulice u beogradskom naselju Zvezdara izgoreo je putnički automobil.</strong></p>\r\n<p>&nbsp;</p>\r\n<p>Kako prenose na Instagram nalogu moj_beo_grad, danas je u beogradskom naselju Zvezdara potpuno</p>\r\n<p>izgoreo putnički automobil.</p>\r\n<p>&nbsp;</p>\r\n<p>Detalji o tome kako je do&scaron;lo do požara nema, osim da se dogodio na uglu Đevđelijske i Tr&scaron;ćanske ulice,</p>\r\n<p>a na snimku se vidi da se ceo automobil pretvorio u buktinju, kao i da vatrogasci jo&scaron; nisu stigli.</p>\r\n<p>&nbsp;</p>\r\n<p>&nbsp;</p>', '2024-02-14 02:25:57', 0, 0, 'objavljen', 4, 3, 'slike/hronika1.jpg'),
(44, 'Telo američke državljanke pronađeno na Brezovici: Sa nepristupačnog terena ga izvukli skijaši ', '<p>&nbsp;</p>\r\n<p>&nbsp;</p>\r\n<p><img src=\"https://nova.rs/wp-content/uploads/2020/10/profimedia-0238679427-725x482.jpg\" alt=\"Brezovica; skijanje\"></p>\r\n<p>&nbsp;</p>\r\n<p><strong data-attribute-id=\"emphasized-text\">Telo američke državljanike (54) nađeno je u oblasti Orlovo gnezdo na Brezovici, na Kosovu.</strong></p>\r\n<p>&nbsp;</p>\r\n<p>Ona je, kako navodi Telegrafi, poginula u snežnoj lavini, a njen telo su prona&scaron;li i izvukli skija&scaron;i.</p>\r\n<p>&nbsp;</p>\r\n<p>Stranica Brezovica.info na dru&scaron;tvenoj mreži Fejsbuk se putem statusa zahvalila skija&scaron;ima koji su uspeli da</p>\r\n<p>izvuku telo iako je to područje bilo prilično te&scaron;ko.</p>\r\n<p>&nbsp;</p>\r\n<p>&bdquo;Veliko hvala ovim neverovatnim i hrabrim lokalnim skija&scaron;ima koji su rizikovali svoje živote da izvuku telo</p>\r\n<p>skija&scaron;a koji je bio zarobljen u lavini. Marko Stani&scaron;ić, Endrit Hadžikadrija, Rifat Bitići, Meriton Bobaj, Radovan</p>\r\n<p>Sibinović, Milan Petrović, Ivan Stojanović, Nikola Nikolić, Mihajlo Ilić&ldquo;, navodi se u objavi.</p>\r\n<p>&nbsp;</p>\r\n<p>&nbsp;</p>', '2024-02-14 02:29:45', 0, 0, 'objavljen', 4, 3, 'slike/hronika2.jpg'),
(45, 'Saobraćajci u Zrenjaninu najavili pojačanu kontrolu zbog praznika i manifestacije: Poznato i koje će prekršaje „loviti“', '<p>&nbsp;</p>\r\n<p>&nbsp;</p>\r\n<p><img src=\"https://nova.rs/wp-content/uploads/2023/06/03/1685818445-1685818016060-750x500.jpeg\"></p>\r\n<p>&nbsp;</p>\r\n<p><strong data-attribute-id=\"emphasized-text\">Pripadnici saobraćajne policije u Zrenjaninu će, od sutra kada se u Melencima održava manifestacija </strong></p>\r\n<p><strong data-attribute-id=\"emphasized-text\">\"Sveti Trifun&ldquo;, kao i narednih dana zbog obeležavanje Dana državnosti, pojačati kontrole na putevima.</strong></p>\r\n<p>&nbsp;</p>\r\n<p>Ove kontrole će posebno biti usmerene na otkrivanje prekr&scaron;aja koji su i najče&scaron;ći uzroci saobraćajnih nezgoda,</p>\r\n<p>kao &scaron;to su prekoračenje brzine, nekori&scaron;ćenje sigurnosnog pojasa, nepropisno preticanje, upravljanje vozilom</p>\r\n<p>pod dejstvom alkohola, a svi vozači koji budu činili prekr&scaron;aje biće sankcionisani.</p>\r\n<p>&nbsp;</p>\r\n<p>Zato apelujemo na sve učesnike u saobraćaju da budu savesni i odgovorni i po&scaron;tuju sve saobraćajne propise,</p>\r\n<p>jer na taj način čuvaju svoj i živote drugih učesnika u saobraćaju.</p>\r\n<p>&nbsp;</p>\r\n<p>&nbsp;</p>', '2024-02-14 02:36:17', 0, 0, 'objavljen', 4, 3, 'slike/hronika3.jpeg'),
(46, 'Otkriveno zašto je Megan bila ljubomorna na Kejt i naravno ima veze sa Harijem', '<p>&nbsp;</p>\r\n<p>&nbsp;</p>\r\n<p><img src=\"https://nova.rs/wp-content/uploads/2020/05/h_55335052-725x451.jpg\"></p>\r\n<p>&nbsp;</p>\r\n<p><strong data-attribute-id=\"emphasized-text\">Megan Markl \"mora da je neverovatno bila ljubomorna na Kejt Midlton\", tvrdi kraljevski stručnjak, </strong></p>\r\n<p><strong data-attribute-id=\"emphasized-text\">i to iz samo jednog razloga. Poznato je da dve vojvotkinje već godinama nisu u dobrim odnosima, </strong></p>\r\n<p><strong data-attribute-id=\"emphasized-text\">a &scaron;u&scaron;kalo se o vi&scaron;e razloga. Međutim, sada je otkriveno da sukob bukti ba&scaron; zbog princa Harija.</strong></p>\r\n<p>&nbsp;</p>\r\n<p>Urednica magazina &bdquo;Majesty&ldquo; Ingrid Stjuart kaže da je vojvotkinja od Saseksa (42) možda bila ljubomorna</p>\r\n<p>na blisku vezu njenog supruga princa Harija sa Kejt.</p>\r\n<p>&nbsp;</p>\r\n<p>&bdquo;Nažalost, to ukazuje na Megan, zar ne? Možda je Hari bio malo privržen u Kejt. Ne, ne, ne &ndash; ne mislim ni&scaron;ta</p>\r\n<p>fizički, već prijateljski, porodično. Sećate se kada su najbolji prijatelji bili Kejt Vilijam i Hari? Uvek je žudeo za</p>\r\n<p>sestrom, rekao je to i princezi Dajani. Psiholo&scaron;ki mislim da ju je jednostavno obožavao i uvek je bio tamo, u</p>\r\n<p>Kensingtonskoj palati, u njihovom domu&ldquo;, kaže Ingrid Stjuart.</p>\r\n<p>&nbsp;</p>\r\n<p><img src=\"https://nova.rs/wp-content/uploads/2024/01/21/1705867775-profimedia-0824764347-copy-1024x634.jpg\" width=\"747\" height=\"462\"></p>\r\n<p>&nbsp;</p>\r\n<p>Nadalje, Ingrid, čija je nova knjiga &bdquo;Moja majka&ldquo; i ja usredsređena na odnos kralja Čarlsa III sa pokojnom</p>\r\n<p>kraljicom Elizabetom II, rekla je da je &bdquo;ljubomorna vojvotkinja mislila da će biti princeza i živeti u zamku Vindzor&ldquo;.</p>\r\n<p>&nbsp;</p>\r\n<p>Umesto toga, majka dvoje dece i njen suprug princ Hari, koji su sada sme&scaron;teni u Kaliforniji nakon Megzita, u</p>\r\n<p>početku su bili &bdquo;zaglavljeni&ldquo; u kolibi u Notingemu koju je Hari nekada zvao &bdquo;moja koliba&ldquo;, dok su &bdquo;Vilijam</p>\r\n<p>i Kejt imaju prelepu kuću&ldquo;.</p>\r\n<p>&nbsp;</p>\r\n<p>&bdquo;Mislim da je Megan sigurno bila neverovatno zavidna, a zatim i ljubomorna na Kejt. Čula sam da je Megan</p>\r\n<p>zapravo mislila da će biti princeza i živeti u zamku Vindzor. Umesto toga, tu su Vilijam i Kejt sa ovom prelepom</p>\r\n<p>kućom, dok su Megan i Hari u Notingem kolibi&ldquo;, smatra Ingrid.</p>\r\n<p>&nbsp;</p>\r\n<p>Iako ona ne vidi u potpunosti &scaron;ansu za pomirenje Kejt i Megan, kaže da ta distanca &ndash; i fizički i metaforički čini</p>\r\n<p>da pomirenje izgleda malo verovatno.</p>\r\n<p>U decembru, jedan insajder je za Telegraf rekao da je Megan &bdquo;osećala da ima vi&scaron;e prava da govori&ldquo; nego</p>\r\n<p>Kejt na određenim događajima jer je bila &bdquo;žena koja je sama stvorila karijeru&ldquo;.</p>\r\n<div class=\"dynamic-banner banner-mobile\">\r\n<p>&nbsp;</p>\r\n</div>\r\n<p>Vojvotkinji od Saseksa je navodno bilo neprijatno &scaron;to su princ i princeza od Velsa bili superiorni</p>\r\n<p>članovi kraljevske porodice kada se ona pridružila.</p>\r\n<p>Ovo je posebno bio slučaj tokom Foruma Kraljevske fondacije u februaru 2018. godine, rekao je izvor,</p>\r\n<p>gde je napetost između Vilijama i Kejt sa jedne i Harija i Megan sa druge strane bila opipljiva.</p>\r\n<p>&nbsp;</p>\r\n<p><img src=\"https://nova.rs/wp-content/uploads/2023/11/24/1700850201-profimedia-0824012024-1024x731.jpg\" width=\"747\" height=\"533\"></p>\r\n<p>&nbsp;</p>\r\n<p>Megan je osećala da je &bdquo;samostalna žena, dok Kejt zapravo nije imala sopstvenu karijeru&ldquo;,</p>\r\n<p>rekao je insajder iz palate.</p>\r\n<p>&nbsp;</p>\r\n<p>&bdquo;Činilo se da se osećala kao da ima vi&scaron;e prava da govori od Kejt, koja se udala u porodicu kao nepoznata</p>\r\n<p>devojka, dok je Megan sebe smatrala filantropom koji bi mogao da nauči kraljevsku porodicu nekim</p>\r\n<p>aspektima o filantropiji. Mislim da joj je bilo te&scaron;ko &scaron;to je Kraljevska fondacija već bila dobro podmazana</p>\r\n<p>ma&scaron;ina kada je stigla tamo&ldquo;, tvrdi izvor.</p>\r\n<p>&nbsp;</p>\r\n<p>Međutim, autor knjige &bdquo;Finding Freedom&ldquo; Omid Skobi je ranije tvrdio da Kejt nije uspela da podstakne</p>\r\n<p>&bdquo;smislenu&ldquo; vezu sa Megan.</p>\r\n<p>&nbsp;</p>\r\n<p><img src=\"https://nova.rs/wp-content/uploads/2023/09/02/1693662723-profimedia-0147207304-1024x768.jpg\" alt=\"kejt midlton\" width=\"744\" height=\"558\"></p>\r\n<p>&nbsp;</p>\r\n<p>Takođe je objavljeno da je Megan dobila &bdquo;mlak&ldquo; prijem od Vilijama i Kejt kada je njena veza sa</p>\r\n<p>princom Harijem postala ozbiljna.&nbsp;Kao &scaron;to je Hari napisao u svojoj knjizi &bdquo;Spare&ldquo;, kada je prvi put upoznao</p>\r\n<p>Megan sa svojim bratom, Kejt je ostala u ba&scaron;ti &ndash; &scaron;to nije bila dobrodo&scaron;lica kojoj su se nadali.</p>\r\n<p>To dolazi nakon &scaron;to je Ričard Iden iz Dejli Mejla otkrio da se princeza od Velsa, koja je podvrgnuta &bdquo;uspe&scaron;noj&ldquo;</p>\r\n<p>planiranoj operaciji abdomena pre vi&scaron;e od tri nedelje, oporavlja.</p>\r\n<p>&nbsp;</p>\r\n<p>&nbsp;</p>', '2024-02-14 03:03:50', 0, 0, 'objavljen', 18, 4, 'slike/zabava5.jpg'),
(47, 'Bajden: SAD dele cilj Izraela da porazi Hamas', '<p>&nbsp;</p>\r\n<p>&nbsp;</p>\r\n<p><img src=\"https://nova.rs/wp-content/uploads/2024/02/08/1707435276-Tan2024-02-0823012530_0-750x500.jpg\"></p>\r\n<p>&nbsp;</p>\r\n<p><strong data-attribute-id=\"emphasized-text\">Američki predsednik Džozef Bajden izjavio je, nakon razgovora sa jordanskim kraljem Abdulahom Drugim u </strong></p>\r\n<p><strong data-attribute-id=\"emphasized-text\">Beloj kući, da SAD dele cilj Izraela da porazi Hamas, ali je istovremeno ukazao da je palestinski narod \"takođe </strong></p>\r\n<p><strong data-attribute-id=\"emphasized-text\">pretrpeo ogroman bol i gubitak\".</strong></p>\r\n<p>&nbsp;</p>\r\n<p>&nbsp;</p>\r\n<p>Bajden je ponovio da izraelske vojne operacije na Rafu ne bi trebalo da se nastave bez plana za osiguravanje bezbednosti</p>\r\n<p>i pomoći za vi&scaron;e od milion Palestinaca koji su se sklonili na tom području.</p>\r\n<p>&bdquo;Takođe smo od početka bili jasni da se protivimo bilo kakvom prisilnom raseljavanju Palestinaca iz Gaze&ldquo;, istakao je Bajden.</p>\r\n<p>&nbsp;</p>\r\n<p><img src=\"https://nova.rs/wp-content/uploads/2024/02/09/1707512347-12012728-1024x683.jpg\" width=\"744\" height=\"496\"></p>\r\n<p>&nbsp;</p>\r\n<p>Bajden je naveo da radi na pronalaženju re&scaron;enja da se oslobode svi taoci koje drži Hamas, da se ublaži humanitarna</p>\r\n<p>kriza u Pojasu Gaze i da se postigne mir kroz re&scaron;enje o uspostavljanju dve države. Bajden je rekao da je ohrabrio</p>\r\n<p>izraelske lidere da &bdquo;nastave da rade na postizanju sporazuma&ldquo; o oslobađanju talaca i uspostavljanju privremenog</p>\r\n<p>primirja, nakon &scaron;to je izraelski premijer Benjamin Netanijahu odbio zahteve Hamasa.</p>\r\n<p>&bdquo;Palestinske vlasti moraju hitno da se reformi&scaron;u kako bi mogle efikasno da donesu rezultate za palestinski narod</p>\r\n<p>i na Zapadnoj obali i u Gazi&ldquo;, ocenio je Bajden.</p>\r\n<p>&nbsp;</p>\r\n<p>Bajden je rekao da Hamas i dalje drži 134 taoca i da se ne zna koliko je njih jo&scaron; živo, objavio je Tajms of Izrael.</p>\r\n<p>Većina Palestinaca ubijenih u Pojasu Gaze bili su nevini civili, uključujući hiljade dece, naveo je Bajden, upozoravajući</p>\r\n<p>da stotine hiljada Palestinaca nema pristup hrani, vodi i drugim osnovnim uslovima za život.</p>\r\n<p>Bajden je istakao da SAD rade na tome da osiguraju da prelazi Rafa i Kerem &Scaron;alom ostanu otvoreni za humanitarnu</p>\r\n<p>pomoć i da se otvore dodatni prelazi.</p>\r\n<p>&nbsp;</p>\r\n<p>&nbsp;</p>', '2024-02-14 03:10:04', 0, 0, 'objavljen', 16, 6, 'slike/svet4.jpg'),
(48, 'Zaharova zapretila da će Moskva oštro odgovoriti ukoliko Ukrajina dobije zamrznuti ruski novac: „Inicijatori krađe biće tretirani kao lopovi“', '<p>&nbsp;</p>\r\n<p>&nbsp;</p>\r\n<p><img src=\"https://nova.rs/wp-content/uploads/2023/03/14/1678832395-Tan2023-02-1412551855_0-scaled.jpg\" width=\"777\" height=\"518\"></p>\r\n<p>&nbsp;</p>\r\n<p><strong data-attribute-id=\"emphasized-text\">Portparolka ruskog Ministarstva spoljnih poslova Marija Zaharova saop&scaron;tila je danas da će Moskva \"o&scaron;tro </strong></p>\r\n<p><strong data-attribute-id=\"emphasized-text\">odgovoriti\" na nameru Brisela da koristi prihod od ruske zamrznute imovine za finansiranje pomoći Ukrajini.</strong></p>\r\n<p>&nbsp;</p>\r\n<p>Odgovor Moskve na prisvajanje ruske imovine biće o&scaron;tar, a inicijatori procesa krađe imovine biće tretirani kao lopovi</p>\r\n<p>sa svim posledicama, rekla je Zaharova u intervjuu za kanal &bdquo;Solovjev uživo&ldquo;, prenose Ria novosti.</p>\r\n<p>&nbsp;</p>\r\n<p><img src=\"https://nova.rs/wp-content/uploads/2021/03/profimedia-0589653480-1024x718.jpg\" width=\"764\" height=\"536\"></p>\r\n<p>&nbsp;</p>\r\n<p>Prema njenim rečima, zapadne zemlje svojim delovanjem poku&scaron;avaju da nadoknade tro&scaron;kove održavanja</p>\r\n<p>&bdquo;krvavog ukrajinskog sukoba i režima u Kijevu&ldquo;.</p>\r\n<div class=\"dynamic-banner banner-mobile\">\r\n<p>&nbsp;</p>\r\n</div>\r\n<p>&bdquo;S obzirom da je na&scaron;a država ovo okvalifikovala kao krađu, odnos će biti kao prema lopovima.</p>\r\n<p>Ne kao prema političkim manipulatorima, ne kao tehnolozima koji su se zaigrali, već kao prema lopovima.</p>\r\n<p>A kako treba postupati sa lopovima? Lopov treba da sedi u zatvoru, sa svim posledicama koje slede&ldquo;,</p>\r\n<p>naglasila je Zaharova.</p>\r\n<p>&nbsp;</p>\r\n<p>Ranije je Savet EU odobrio odluku o skladi&scaron;tenju profita od ruske imovine za njihovu dalju upotrebu u</p>\r\n<p>interesu Ukrajine.</p>\r\n<p>Stalni predstavnici zemalja članica EU preliminarno su 29. januara usaglasili predlog Evropske komisije o</p>\r\n<p>kori&scaron;ćenju prihoda od ruske imovine zamrznute u zemljama EU.</p>\r\n<p>Kako su saop&scaron;tile evropske diplomate, EK u ovoj fazi predlaže da se prihodi dobijeni od zamrznute imovine</p>\r\n<p>Rusije čuvaju na posebnim računima za njihovu moguću upotrebu u budućnosti za finansiranje Ukrajine.</p>\r\n<p>&nbsp;</p>\r\n<p>&nbsp;</p>', '2024-02-14 03:20:18', 0, 0, 'objavljen', 16, 6, 'slike/svet5.jpg'),
(49, 'Rusija izdala poternicu za estonskom premijerkom', '<p>&nbsp;</p>\r\n<p>&nbsp;</p>\r\n<p><img src=\"https://nova.rs/wp-content/uploads/2021/01/h_55031001-725x483.jpg\"></p>\r\n<p>&nbsp;</p>\r\n<p><strong data-attribute-id=\"emphasized-text\">Rusija je izdala poternicu za estonskom premijerkom Kajom Kalas.</strong></p>\r\n<p>&nbsp;</p>\r\n<p>&nbsp;</p>\r\n<p>Sajt ruskog ministarstva unutra&scaron;njih poslova uvrstio je Kalas u bazu podataka kao &bdquo;traženu prema</p>\r\n<p>krivičnom zakonu&ldquo;, pi&scaron;e Dojče vele.</p>\r\n<p>Nisu navedene nikakve konkretne optužbe.</p>\r\n<p>&nbsp;</p>\r\n<p>Poternica je raspisana i za državnim sekretarom Estonije Taimarom Peterkopom i ministrom</p>\r\n<p>kulture Litvanije Simonasom Kajrisom.</p>\r\n<p>Kalas je glasno podržavala odbranu Ukrajine od ruske invazije u februaru 2022.</p>\r\n<p>Ona je bila jedan od najjačih glasova u Evropskoj uniji i u NATO-u koji se zalaže za</p>\r\n<p>obezbeđivanje vi&scaron;e oružja Ukrajini.</p>\r\n<p>&nbsp;</p>\r\n<p>&nbsp;</p>\r\n<p>&nbsp;</p>\r\n<p>&nbsp;</p>', '2024-02-14 03:25:02', 0, 0, 'objavljen', 16, 6, 'slike/svet6.jpg'),
(50, 'Od Vučića ni reč o novim izborima u Beogradu, samo o novom pokretu: Narednih dana ću više o tome', '<p>&nbsp;</p>\r\n<p>&nbsp;</p>\r\n<p><img src=\"https://nova.rs/wp-content/uploads/2024/02/07/1707321490-HAM_7147-750x500.jpg\"></p>\r\n<p>&nbsp;</p>\r\n<p><strong data-attribute-id=\"emphasized-text\">Predsednik Srbije Aleksandar Vučić danas je u Ni&scaron;u prisustvovao prikazu naoružanja i vojne opreme Vojske Srbije </strong></p>\r\n<p><strong data-attribute-id=\"emphasized-text\">i tom prilikom govorio je o formiranju Pokreta za Srbiju. Na konferenciji za medije predsednik Srbije nije govorio </strong></p>\r\n<p><strong data-attribute-id=\"emphasized-text\">o mogućnosti da se održe novi izbori u Beogradu, niti je na bilo koji način komentarisao ovu temu.</strong></p>\r\n<p>&nbsp;</p>\r\n<p>Predsednik Srbije Aleksandar Vučić govorio je na konferenciji za medije u Ni&scaron;u o Pokretu za Srbiju koje je sinoć</p>\r\n<p>&nbsp;najavio da će formirati.</p>\r\n<p>&bdquo;Mislim da je pravo vreme i najbolje za formiranje jednog &scaron;irokog pokreta. Pred nama nisu laka vremena, moramo da</p>\r\n<p>ujedinimo sve snage, i da se ujedine svi koji žele dobro Srbiji. To je moj poku&scaron;aj da pronađem odgvor za sve one koji bi</p>\r\n<p>spolja i iznutra da sru&scaron;e Srbiju. Vi&scaron;e ću o tome u narednim danima&ldquo;, rekao je Vučić.</p>\r\n<p>&nbsp;</p>\r\n<p><img src=\"https://nova.rs/wp-content/uploads/2024/02/14/1707920933-Tan2024-02-1415211877_3-1024x684.jpg\" width=\"742\" height=\"496\"></p>\r\n<p>&nbsp;</p>\r\n<p>On je komentarisao i to &scaron;to je novac iz Srbije ponovo zaustavljen na Jarinju.</p>\r\n<p>&bdquo;Videćemo kakva će biti reakcija onih koji su napravili pri&scaron;tinsku vlast. Čekaćemo i videćemo. Na&scaron;i ljudi treba da znaju da</p>\r\n<p>ćemo voditi računa i naći re&scaron;enje. Ovo je nama sasvim jasan odgovor &scaron;ta misle o srpskom narodu, &scaron;ta im je krajnji cilj.</p>\r\n<p>Čuvajući i mir i slobodu vodićemo računa o na&scaron;em narodu &ldquo; kazao je Vučić.</p>\r\n<p>&nbsp;</p>\r\n<p>Vučić je rekao da su Ni&scaron;lije danas mogle da vide najmoderniju vojnu opremu Vojske Srbije, zbog čega se zahvalio ministru</p>\r\n<p>odbrane u tehničkom mandatu Milo&scaron;u Vučeviću ali i radnicima u fabrikama namenske industrije u Srbiji.</p>\r\n<p>Prikazu vojne opreme u kompleksu Ni&scaron;ke tvrđave prisustvovali su i ministar odbrane Milo&scaron; Vučević, načelnik General&scaron;taba Vojske</p>\r\n<p>Srbije general Milan Mojsilović i gradonačelnica Ni&scaron;a Dragana Sotirovski.</p>\r\n<p>&nbsp;</p>\r\n<p>&nbsp;</p>', '2024-02-14 03:34:03', 0, 0, 'objavljen', 14, 1, 'slike/politika4.jpg'),
(51, 'Prlainović surovo iskren posle Hrvatske, otkrio sve o potopu, pričao i o kultu reprezentacije Srbije', '<p>&nbsp;</p>\r\n<p>&nbsp;</p>\r\n<p><img src=\"https://nova.rs/wp-content/uploads/2021/08/06/1628250907-2021-08-06T113902Z_1712215886_SP1EH860WD19C_RTRMADP_3_OLYMPICS-2020-WPO-M-TEAM7-SFNL-000200-750x488.jpg\"></p>\r\n<p>&nbsp;</p>\r\n<p><strong data-attribute-id=\"emphasized-text\">Legenda vaterpola i Srbije Andrija Prlainović prokomentarisao je eliminaciju \"delfina\" u četvrtfinalu </strong></p>\r\n<p><strong data-attribute-id=\"emphasized-text\">Svetskog prvenstva od Hrvatske (15:13).</strong></p>\r\n<p>&nbsp;</p>\r\n<p>Izabranici selektora Uro&scaron;a Stevanovića su proma&scaron;ili dva peterca i jo&scaron; nekoliko zicera u trenucima kada se meč</p>\r\n<p>re&scaron;avao, te će &bdquo;delfini&ldquo; igrati u borbi za peto mesto protiv Mađarske (četvrtak, 12.30).</p>\r\n<p>&nbsp;</p>\r\n<p>Prlainović, vaterpolista Marseja, dva puta je bio &scaron;ampion sveta sa Srbijom, a čak pet puta najbolji u Evropi.</p>\r\n<p>&nbsp;</p>\r\n<p>&bdquo;Nema se tu &scaron;ta previ&scaron;e filozofirati, s tri odbrane se jako te&scaron;ko prolazi četvrtfinale protiv protivnika koji je u</p>\r\n<p>najmanju ruku jednako kvalitetan. Da, jako čudna utakmica. Vrlo lo&scaron;e odbrane u prve dve četvrtine. Čak i u</p>\r\n<p>nastavku, vrlo lo&scaron;e s obzirom na to da je ovo bio susret za polufinale. Na početku, vrlo lo&scaron; igrač manje Hrvatske</p>\r\n<p>i Srbija se, dok je imala dobru realizaciju, mogla i morala odvojiti. Međutim, kako sam već rekao, ne može&scaron; dobiti</p>\r\n<p>ovakvu utakmicu kad ti golman u trećoj četvrtini obrani prvu loptu&ldquo;, rekao je Prlainović za &bdquo;Indeks&ldquo;.</p>\r\n<p>&nbsp;</p>\r\n<p>Pričao je zatim i o tome da li je naru&scaron;en kult reprezentacije u poslednje tri godine.</p>\r\n<p>&nbsp;</p>\r\n<p>&bdquo;Ne bih rekao da je naru&scaron;en kult reprezentacije. Niti jednom igraču ne mogu zameriti ni&scaron;ta. Na svakoj utakmici</p>\r\n<p>i na ovom turniru i u Zagrebu odigrali su najbolje &scaron;to mogu. Dali su sve od sebe, dali su svoj maksimum i &scaron;to se</p>\r\n<p>tiče Srbije, ponavljam, to je na&scaron;a realnost. Taj maksimum je u ovom trenutku dovoljan samo za ovo. Nažalost, ne</p>\r\n<p>za vi&scaron;e od četvrtfinala. Ni&scaron;ta, sad treba napraviti dobru analizu za Pariz, imamo dovoljno utakmica da vidimo gde</p>\r\n<p>smo gre&scaron;ili i možda bismo mogli poku&scaron;ati i s nekim drugim re&scaron;enjima&ldquo;, istakao je Prlainović.</p>\r\n<p>&nbsp;</p>\r\n<p>Prlainović je jedan od najtrofejnijih vaterpolista u istoriji Srbije, a u svojoj karijeri je osvojio preko 30 medalja sa</p>\r\n<p>nacionalnim timom.</p>\r\n<p>&nbsp;</p>\r\n<p>&nbsp;</p>', '2024-02-14 03:45:56', 0, 0, 'objavljen', 12, 2, 'slike/sport7.jpg'),
(52, 'Inflacija 6,4 odsto', '<p>&nbsp;</p>\r\n<p>&nbsp;</p>\r\n<p><img src=\"https://forbes.n1info.rs/wp-content/uploads/2024/02/shutterstock_2105889203-1000x667.jpg\" alt=\"featured image\" width=\"699\" height=\"466\"></p>\r\n<p>&nbsp;</p>\r\n<p>Inflacija u Srbiji iznosila je u januaru 6,4 odsto, a za februar se predviđa 5,5 odsto, izjavila je danas</p>\r\n<p>guvernerka Narodne banke Srbije (NBS) Jorgovanka Tabaković.</p>\r\n<div class=\"dynamic-intext-banner-wrapper flex justify-center items-center\" data-attribute-id=\"dynamic-intext-banner-wrapper-1\">&nbsp;</div>\r\n<p>Kako je objasnila, nova projekcija inflacije blago je niža od novembarske, pre svega usled nižih svetskih</p>\r\n<p>cena primarnih proizvoda, kao i bržeg pada inflacionih očekivanja od projektovanih u novembru.</p>\r\n<p>&nbsp;</p>\r\n<p>&bdquo;Kada je reč o inflacionim očekivanjima, važno je naglasiti da se sada i kratkoročna inflaciona očekivanja</p>\r\n<p>finansijskog sektora nalaze u granicama cilja, a ne samo srednjoročna, kao i da su u padu i očekivanja</p>\r\n<p>privrede, &scaron;to govori u prilog kredibiliteta na&scaron;e monetarne politike&ldquo;, rekla je Tabaković.</p>\r\n<p>&nbsp;</p>\r\n<p>Guvernerka je rekla da je 2023. bila izazovna, obeležena novim geopolitičkim neizvesnostima,</p>\r\n<p>ali da je Srbija ostvarila planirane ciljeve.</p>\r\n<div class=\"dynamic-intext-banner-wrapper flex justify-center items-center\" data-attribute-id=\"dynamic-intext-banner-wrapper-2\">&nbsp;</div>\r\n<p>Podsetila je da je pre godinu dana u februaru, kada je inflacija bila skoro na vrhuncu, najavila da će do</p>\r\n<p>kraja godine biti prepolovljena, te je na kraju godine iznosila 7,6 odsto, &scaron;to je dvostruko niži nivo nego</p>\r\n<p>godinu dana ranije i ne&scaron;to niže u odnosu na očekivanja centralne banke iz novembarske projekcije.</p>\r\n<p>&nbsp;</p>\r\n<p>&bdquo;Daljem usporavanju inflacije doprineli su slabljenje tro&scaron;kovnih pritisaka i efekat baze kod cena hrane,</p>\r\n<p>kao i efekti prethodnog zao&scaron;travanja monetarnih uslova, koji su uticali i na snižavanje bazne inflacije</p>\r\n<p>na 6,5 odsto međugodi&scaron;nje u decembru. Nastavak usporavanja inflacije očekujemo i u ovoj godini&ldquo;,</p>\r\n<p>kazala je Tabaković.</p>\r\n<p>&nbsp;</p>\r\n<p>Prema njenoj oceni, monetarnom politikom, koju je NBS poo&scaron;travala kontinuirano, ali postepeno i</p>\r\n<p>odmereno, obezbeđeno je istovremeno smanjenje inflatornih pritisaka i povratak inflacije u granice</p>\r\n<p>cilja u horizontu monetarne politike.</p>\r\n<p>&nbsp;</p>\r\n<p>Generalni direktor Sektora za ekonomska istraživanja i statistiku Savo Jakovljević rekao je da se očekuje</p>\r\n<p>da inflacija sredinom godine bude niža od 4,5 odsto, a do kraja godine oko tri odsto, odnosno da u</p>\r\n<p>drugoj polovini godine bude u granicama cilja.</p>\r\n<p>&nbsp;</p>\r\n<p>Nerealno je očekivati iste cene u Srbiji i drugim zemljama, ali one od kraja 2023. godine imaju trend</p>\r\n<p>opadanja, &scaron;to utiče i na pad inflacije, izjavila je ona.&nbsp;Na pitanje novinara za&scaron;to su cene u Srbiji vi&scaron;e nego</p>\r\n<p>u drugim državama, rekla da je zbog toga NBS pokrenula pitanje visine marži u maloprodaji.</p>\r\n<div class=\"dynamic-intext-banner-wrapper flex justify-center items-center\" data-attribute-id=\"dynamic-intext-banner-wrapper-4\">&nbsp;</div>\r\n<p>&bdquo;Nerealno je očekivati uniformisane cene ovde i u drugim državama. Pitanje je &scaron;ta je za koga jeftinije.</p>\r\n<p>Pokrenuli smo pitanje marži u trgovinskim lancima&ldquo;, rekla je Tabaković. Istakla je da trgovci, neretko</p>\r\n<p>zloupotrebljavaju činjenicu da potro&scaron;ači ne mogu da kupuju samo tamo gde je najjeftinije.</p>\r\n<p>&nbsp;</p>\r\n<p>&bdquo;Nerealno je očekivati uniformisane cene ovde i u drugim državama. Pitanje je &scaron;ta je za koga jeftinije.</p>\r\n<p>Pokrenuli smo pitanje marži u trgovinskim lancima&ldquo;, rekla je Tabaković. Istakla je da trgovci, neretko</p>\r\n<p>zloupotrebljavaju činjenicu da potro&scaron;ači ne mogu da kupuju samo tamo gde je najjeftinije.</p>\r\n<p>&bdquo;Visoke marže su kratkoročna korist, a dugoročna &scaron;teta i trgovci bi trebalo da imaju odgovoran i</p>\r\n<p>častan odnos prema kupcima. Cene treba da određuje konkurencija, a ne monopoli&ldquo;, rekla je Tabaković</p>\r\n<p>i dodala da je visoka marža na &scaron;ećeru.</p>\r\n<p>Prema njenim rečima Komisija za za&scaron;titu konkurencije ima važnu ulogu u suzbijanju monopola, a</p>\r\n<p>potrebno je obezbediti održivu klimu za poslovanje i konkurenciju, umesto da se sprovodi</p>\r\n<p>komandna ekonomija.</p>\r\n<p>&nbsp;</p>\r\n<p>Generalni direktor Sektora za ekonomska istraživanja i statistiku NBS Savo Jakovljević naveo je</p>\r\n<p>da je kretanje cena hrane bilo slično u svim zemljama, &scaron;to je posledica krize.</p>\r\n<p>Zamenik generalnog direktora Sektora za ekonomska istraživanja i statistiku NBS Mirjana Miletić rekla je</p>\r\n<p>da se očekuje da kamate na kredite, indeksirane u evro slede politiku Evropske centralne banke, koja bi</p>\r\n<p>sredinom ove godine u&scaron;la u ciklus smanjenja referentne kamatne stope, &scaron;to bi prema sada&scaron;njim</p>\r\n<p>procenama moglo da iznosi 75 baznih poena.</p>\r\n<p>&bdquo;Očekujemo da će se to preliti i na kredite u evrima, odnosno smanjenje kamatne stope na ovu</p>\r\n<p>vrstu kredita&ldquo;, rekla je ona.</p>\r\n<p>&nbsp;</p>\r\n<p>NBS predviđa u ovoj godini rast bruto dru&scaron;tvenog proizvoda (BDP) od 3,5 odsto, a za naredne dve</p>\r\n<p>godine od četiri do pet odsto, uvažavajući realizaciju aktivnosti za specijalizovanu izložbu Ekspo 2027,</p>\r\n<p>rekla je Tabaković. Referentna kamatna stopa ostaće 6,5 odsto, rečeno je na konferenciji za novinare.</p>\r\n<p>&nbsp;</p>\r\n<p>&bdquo;Važan faktor rasta privrede u ovoj godini i nadalje će biti lična potro&scaron;nja, kao rezultat očuvanog trži&scaron;ta</p>\r\n<p>rada i nastavka rasta zaposlenosti i dohodaka na&scaron;ih građana, ali ne u meri u kojoj bi to moglo da izazove</p>\r\n<p>veće inflatorne pritiske. Drugi važan faktor rasta su investicije, i privatne i državne, koje povećavaju</p>\r\n<p>proizvodni potencijal&ldquo;, kazala je Tabaković.</p>\r\n<p>&nbsp;</p>\r\n<p>Prema njenim rečima, privredni rast u 2023. godini bio je 2,5 odsto BDP-a. Deficit platnog bilansa</p>\r\n<p>iznosio je 2,6 odsto, &scaron;to je niže od projektovanog. Direktne strane investicije iznosile su 4,5 milijardi</p>\r\n<p>evra, a devizne rezerve 25 milijardi evra.</p>\r\n<p>&nbsp;</p>\r\n<p>&bdquo;Negativni uticaji na privredni rast svedeni su na najmanju moguću meru, a finansijska stabilnost je</p>\r\n<p>u celosti očuvana. Tome u prilog govori zadržano uče&scaron;će problematičnih kredita u ukupnim kreditima</p>\r\n<p>na istorijski najnižem nivou od oko tri odsto&ldquo;, rekla je Tabaković.</p>\r\n<p>Ona je dodala i da nivo direktnih stranih investicija pokriva deficit tekućeg računa.</p>\r\n<p>&nbsp;</p>\r\n<p>&nbsp;</p>', '2024-02-14 03:56:19', 0, 0, 'objavljen', 10, 7, 'slike/ekonomija5.jpg'),
(53, 'Knjiga koja menja život: „Razgovori o ljubavi“ – bestseler britanske književnice Nataše Lan', '<p>&nbsp;</p>\r\n<p>&nbsp;</p>\r\n<p><img src=\"https://nova.rs/wp-content/uploads/2024/02/14/1707917135-Razgovori-o-ljubavi-1200x800px-2-750x500.jpg\"></p>\r\n<p>&nbsp;</p>\r\n<p><strong data-attribute-id=\"emphasized-text\">Povodom Dana zaljubljenih i februara, poznatog kao mesec ljubavi, \"Vulkan izdava&scaron;tvo\" preporučuje </strong></p>\r\n<p><strong data-attribute-id=\"emphasized-text\">čitaocima debitantsko delo, bestseler, britanske književnice Nata&scaron;e Lan \"Razgovori o ljubavi\", koje </strong></p>\r\n<p><strong data-attribute-id=\"emphasized-text\">definitivno spada u kategoriju literature koja menja život, kaže se u saop&scaron;tenju ove izdavačke kuće.</strong></p>\r\n<p>&nbsp;</p>\r\n<p>&nbsp;</p>\r\n<p>&bdquo;Svim dobrim knjigama je zajedničko to da su događaji opisani u njima toliko stvarni da kada pročitate</p>\r\n<p>i poslednju stranicu imate osećaj da se sve &scaron;to se desilo u knjizi desilo vama i sada vam pripada zauvek:</p>\r\n<p>i dobro i lo&scaron;e, ushićenje i tuga, bol, ljudi i mesta&ldquo;, rekao je jednom prilikom Ernest Hemingvej, a Dan</p>\r\n<p>zaljubljenih i februar, poznat kao mesec ljubavi, pravi su povod da se na to podsetimo.</p>\r\n<p>&nbsp;</p>\r\n<p>&bdquo;Razgovori o ljubavi&ldquo; Nata&scaron;e Lan su su&scaron;tinski započeli kao eksperiment sa ciljem da se intervjui&scaron;u eksperti</p>\r\n<p>o tome &scaron;ta je ljubav u svoj svojoj haotičnosti, a ubrzo je prerastao veoma čitan i priznat bilten koji je</p>\r\n<p>privukao hiljade pretplatnika i čitav niz uglednih sagovornika. Nagla popularnost ovog biltena dokazala je</p>\r\n<p>da Nata&scaron;a Lan nije jedina osoba spremna da otvoreno progovori o ljubavi. Ovi razgovori su potom prerasli</p>\r\n<p>u roman koji &bdquo;Sandej tajms&ldquo; opisuje kao knjigu koja bi mogla da vam promeni život.</p>\r\n<p>&nbsp;</p>\r\n<p>Autorka postavlja tri ključna pitanja o ljubavi: kako da je pronađemo, kako da je očuvamo i kako da</p>\r\n<p>preživimo kada je izgubimo? Ono &scaron;to čini posebnu vrednost ove knjige je činjenica da je reč o stvarnim</p>\r\n<p>ljubavnim pričama koje će vas ispuniti nadom, i podsetiti da je ljubav krhka, čvrsta, svakodnevna, prelepa</p>\r\n<p>i uvek vredna borbe.</p>\r\n<p>&nbsp;</p>\r\n<p>Nata&scaron;a Lan nam kroz istinite povesti poručuje da je ljubav doživotni projekat, priča u kojoj ne možemo</p>\r\n<p>samo da skočimo na kraj. Koliko smo zaista srećni &scaron;to znamo da je nikada nećemo zavr&scaron;iti&hellip; Jer ne postoji</p>\r\n<p>poslednja stranica, postoji samo niz novih početaka.</p>\r\n<p>&nbsp;</p>\r\n<p>&bdquo;Neću preterati ukoliko kažem da su mi razgovori o ljubavi promenili život. Pomogli su mi da progledam</p>\r\n<p>kroz maglu čežnje i da vidim ljubav koja je već bila tu, u mom životu, sve vreme. Takođe su me ubedili da je,</p>\r\n<p>iako je ljubav na mnogo načina nespoznatljiva, korisno ukoliko poku&scaron;amo da je defini&scaron;emo&ldquo;, ispričala je autorka.</p>\r\n<p>&nbsp;</p>\r\n<p>Nata&scaron;a Lan je zaposlena u časopisu &bdquo;Red&ldquo;, zavr&scaron;ila je kurs o savetovanju parova i psihoterapiji u Centru Tavistok.</p>\r\n<p>Živi u Londonu.</p>\r\n<p>&nbsp;</p>\r\n<p>&nbsp;</p>', '2024-02-14 04:04:03', 0, 0, 'objavljen', 6, 5, 'slike/kultura4.jpg'),
(54, 'Od Pejna i Polanskog do Kopole i Vudija Alena: Počinje prodaja ulaznica za 52. FEST', '<p>&nbsp;</p>\r\n<p>&nbsp;</p>\r\n<p><img src=\"https://nova.rs/wp-content/uploads/2024/02/08/1707389278-Bartonova-akademija-07-Copy-750x500.jpg\"></p>\r\n<p>&nbsp;</p>\r\n<p><strong data-attribute-id=\"emphasized-text\">Prodaja ulaznica za 52. FEST počinje sutra, na blagajnama dvorana u kojima se FEST održava: MTS </strong></p>\r\n<p><strong data-attribute-id=\"emphasized-text\">Dvorana, Dvorana kulturnog centra Beograda, Dom omladine, Jugoslovenska Kinoteka, Cineplexx U&scaron;će </strong></p>\r\n<p><strong data-attribute-id=\"emphasized-text\">i Cineplexx Galerija, kao i online na sajtu tickets.rs (za filmove koji se prikazuju u MTS Dvorani), efinity.rs </strong></p>\r\n<p><strong data-attribute-id=\"emphasized-text\">(za filmove koji se prikazuju u Domu omladine) i cineplexx.rs (za filmove koji se prikazuju u bioskopima </strong></p>\r\n<p><strong data-attribute-id=\"emphasized-text\">Cineplexx U&scaron;će i Cineplexx Galerija), kao i putem aplikacija za mobilne telefone Cineplexx i Efinity .</strong></p>\r\n<p>&nbsp;</p>\r\n<p>&nbsp;</p>\r\n<p>Posetioci 52. Međunarodnog filmskog festivala FEST, koji traje od 23. februara do 3. marta, uživaće u čak 108</p>\r\n<p>filmova među kojima je za svakoga po ne&scaron;to. I nikada ova definicija &ldquo;za svakoga po ne&scaron;to&rdquo; nije bila manje fraza</p>\r\n<p>nego kada je reč o fimovima koji nas čekaju na ovogodi&scaron;njem FEST-u, kaže se u saop&scaron;tenju ovog festivala.</p>\r\n<p>&nbsp;</p>\r\n<p>Tokom deset dana festivala biće prikazani filmovi iz &scaron;ezdesetak zemalja. Pored filmova u Glavnom takmičarskom</p>\r\n<p>programu, gledaćemo i ostvarenja koja se prikazuju u okviru programskih celina Gala by Knjaz Milo&scaron;, Gala+, FEST</p>\r\n<p>masters, FEST fokus, FEST 52, Snoliki film, FEST anima, Doku FEST, ali i FEST klasik, FEST serija i FEST intro.</p>\r\n<p>&nbsp;</p>\r\n<p><img src=\"https://nova.rs/wp-content/uploads/2024/02/13/1707832270-FEST-polozeni-baner-1024x576.jpg\" width=\"748\" height=\"421\"></p>\r\n<p>&nbsp;</p>\r\n<p>Ovogodi&scaron;nji FEST donosi nove filmove: Aleksandra Pejna, Akija Kaurismakija, Sofije Kopola, Romana Polanskog,</p>\r\n<p>Vudija Alena, Fernanda Truebe, ali i Majkla Vinterbotoma, Aleksa de la Iglesije i nedavno preminulog Lukasa Nole,</p>\r\n<p>te Vlatke Vorkapić, Luke Bursaća, Miroslava Lekića i Mladena Đorđevića. Biće prikazani i filmovi čiju režiju potpisuju</p>\r\n<p>Dejan Vlaisavljević NIKT, Juri Bikov, Ra&scaron;a Bukvić, Emilija Ga&scaron;ić, Sini&scaron;a Cvetić i mnogi drugi.</p>\r\n<p>&nbsp;</p>\r\n<p>Među filmovima koje ne treba propustiti tu su pretendenti za Oskara &ldquo;Bartonova akademija&rdquo; Aleksandra Pejna,</p>\r\n<p>&ldquo;Zona interesa&rdquo; Džonatana Glejzera, &ldquo;Anatomija pada&rdquo; Žistin Trije sa Sandrom Huler &ndash; dobitnik Zlatne Palme na festival</p>\r\n<p>u Kanu i Zlatnog Globusa za najbolji scenario, &ldquo;Dečak i čaplja&rdquo; Hajaa Mijazakija koji je dobio i Zlatni Globus za Najbolji</p>\r\n<p>animirani film, zatim &ldquo;Četiri ćerke&rdquo; rediteljke Kaouter Ben Hanij nominovan za Oskara za najbolji dokumentarni film,</p>\r\n<p>ali i: &ldquo;Gospodar&rdquo; Jurija Bikova, dokumentarac &ldquo;Uspon i pad Džona Galijana&rdquo; sa Penelope Kruz, Naomi Kembel i Kejt</p>\r\n<p>Mos, te &ldquo;Zelena granica&rdquo; Agne&scaron;ke Holand (Nagrada žirija na festival u Veneciji), &ldquo;Ja kapetan&rdquo; Matea Garone &ndash;</p>\r\n<p>nominovan za Oskara za najbolji strani film, &ldquo;Eskort&rdquo; Lukasa Nole, &ldquo;Dok ne istekne vreme&rdquo;</p>\r\n<p>Liliane Kavani i jo&scaron; mnogo toga.</p>\r\n<p>&nbsp;</p>\r\n<p><img src=\"https://nova.rs/wp-content/uploads/2024/01/24/1706099143-profimedia-0786119311-1024x553.jpg\" width=\"743\" height=\"401\"></p>\r\n<p>&nbsp;</p>\r\n<p>Od žanrova FEST je ostao veran raznolikosti te ni ove godine neće izostani ni drama, triler, dokumentarni,</p>\r\n<p>kratki, akcioni, biografski, horor, romantična komedija, ratna drama, istorijski i animirani film, &scaron;to su samo</p>\r\n<p>neki od razloga za kupovinu karata čija je cena od 400 do 600 dinara, a za otvaranje i zatvaranje 1000 dinara.</p>\r\n<p>&nbsp;</p>\r\n<p>&nbsp;</p>', '2024-02-14 04:11:28', 0, 0, 'objavljen', 6, 5, 'slike/kultura6.jpg');

-- --------------------------------------------------------

--
-- Table structure for table `zahtevi`
--

DROP TABLE IF EXISTS `zahtevi`;
CREATE TABLE IF NOT EXISTS `zahtevi` (
  `id_zahteva` int(11) NOT NULL AUTO_INCREMENT,
  `id_vesti` int(11) NOT NULL,
  `id_rubrike` int(11) NOT NULL,
  `id_novinara` int(11) NOT NULL,
  `vrsta` varchar(20) NOT NULL,
  PRIMARY KEY (`id_zahteva`)
) ENGINE=MyISAM AUTO_INCREMENT=12 DEFAULT CHARSET=utf8;

--
-- Dumping data for table `zahtevi`
--

INSERT INTO `zahtevi` (`id_zahteva`, `id_vesti`, `id_rubrike`, `id_novinara`, `vrsta`) VALUES
(10, 23, 3, 4, 'izmena');

--
-- Constraints for dumped tables
--

--
-- Constraints for table `komentari`
--
ALTER TABLE `komentari`
  ADD CONSTRAINT `fk_komentari_vest1` FOREIGN KEY (`id_vesti`) REFERENCES `vest` (`id_vesti`);

--
-- Constraints for table `novinar_rubrika`
--
ALTER TABLE `novinar_rubrika`
  ADD CONSTRAINT `fk_novinar_rubrika_redakcija1` FOREIGN KEY (`id_novinara`) REFERENCES `redakcija` (`id_korisnika`),
  ADD CONSTRAINT `fk_novinar_rubrika_rubrika1` FOREIGN KEY (`id_rubrike`) REFERENCES `rubrika` (`id_rubrike`);

--
-- Constraints for table `urednik_rubrika`
--
ALTER TABLE `urednik_rubrika`
  ADD CONSTRAINT `fk_urednik_rubrika_redakcija1` FOREIGN KEY (`id_urednika`) REFERENCES `redakcija` (`id_korisnika`),
  ADD CONSTRAINT `fk_urednik_rubrika_rubrika1` FOREIGN KEY (`id_rubrike`) REFERENCES `rubrika` (`id_rubrike`);

--
-- Constraints for table `vest`
--
ALTER TABLE `vest`
  ADD CONSTRAINT `fk_vest_redakcija1` FOREIGN KEY (`id_novinara`) REFERENCES `redakcija` (`id_korisnika`),
  ADD CONSTRAINT `fk_vest_rubrika` FOREIGN KEY (`id_rubrike`) REFERENCES `rubrika` (`id_rubrike`);
COMMIT;

/*!40101 SET CHARACTER_SET_CLIENT=@OLD_CHARACTER_SET_CLIENT */;
/*!40101 SET CHARACTER_SET_RESULTS=@OLD_CHARACTER_SET_RESULTS */;
/*!40101 SET COLLATION_CONNECTION=@OLD_COLLATION_CONNECTION */;
